:020000040800F2
:10000000902202240100100891201008D91E100827
:100010001927000867050008552510080000000092
:10002000000000000000000000000000FD2110089A
:100030001D0510080000000011280008952900087F
:100040001B0010081B0010081B0010081B001008E4
:100050001B0010081B0010081B0010081B001008D4
:100060001B0010081B0010081B0010081B001008C4
:100070001B0010081B0010081B0010081B001008B4
:100080001B0010081B0010081B0010081B001008A4
:100090001B0010081B0010081B0010081B00100894
:1000A0001B001008852310081B0010081B001008F7
:1000B0001B0010081B0010081B0010081B00100874
:1000C0001B0010081B0010081B0010081B00100864
:1000D0001B0010081B0010081B0010081B00100854
:1000E000F10A10081B001008000000001B00100897
:1000F0001B0010081B0010081B0010081B00100834
:100100001B0010081B0010081B0010081B00100823
:100110001B0010081B0010081B0010081B00100813
:100120001B0010081B0010081B0010081B00100803
:100130001B001008290600081B0010081B001008EF
:1001400000000000000000000000000000000000AF
:100150001B0010081B0010081B0010081B001008D3
:100160001B0010081B0010081B0010081B001008C3
:100170001B0010081B0010081B00100800000000E6
:100180001B0010081B0010081B0010081B001008A3
:100190001B0010081B0010081B0010081B00100893
:1001A0001B0010081B0010081B0010081B00100883
:1001B0001B0010081B0010081B0010081B00100873
:1001C0001B0010081B0010081B0010081B00100863
:1001D0001B0010081B0010081B0010081B00100853
:1001E0001B0010081B0010081B0010081B00100843
:1001F0001B0010081B0010081B0010081B00100833
:100200001B0010081B0010081B0010081B00100822
:100210001B0010081B0010081B0010081B00100812
:100220001B0010081B0010081B0010080000000035
:100230001B0010081B001008000000001B00100825
:100240001B0010081B0010081B0010081B001008E2
:100250001B0010081B0010081B0010081B001008D2
:100260001B0010081B0010081B0010081B001008C2
:100270001B0010081B0010081B00100800000000E5
:100280001B001008000000001B0010080000000008
:10029000000000001B001008DFF810D000F0F4F898
:1002A00000480047C16A0008AFF300809022022492
:1002B0002DE9F05F0546002092469B46884606469B
:1002C000814640241BE0284641464746224600F02E
:1002D00041F853465A46C01A914110D31146184668
:1002E000224600F028F82D1A67EB01084F462246F7
:1002F0000120002100F01FF817EB00094E41201EDD
:10030000A4F10104DFDC484631462A464346BDE8F5
:10031000F09F40EA01039B0703D009E008C9121FC0
:1003200008C0042AFAD203E011F8013B00F8013BAF
:10033000521EF9D27047202A04DB203A00FA02F15B
:10034000002070479140C2F1200320FA03F31943C3
:1003500090407047202A04DB203A21FA02F0002165
:10036000704721FA02F3D040C2F1200291400843C5
:10037000194670472DE9FE4F81EA030404F000445A
:1003800021F0004100944FF0000B23F0004350EAAD
:1003900001045ED052EA03045BD0C3F30A54C1F3F4
:1003A0000A552C44A4F2F3340194A0FB0254C1F387
:1003B000130141F48011C3F3130343F4801301FBD1
:1003C000024400FB034E840A970A44EA815447EA38
:1003D0008357A4FB076802958D0A05FB07854FEA42
:1003E000932C04FB0C542705029D4FEA065847EA5C
:1003F0001637B5EB08056EEB070C870E920E47EA31
:10040000811742EA8312A7FB0201B6EB0B0164EBF2
:1004100000042B0D43EA0C335E1844EB1C50DA4603
:100420005146E7FB0201C5F313044FEA0B3343EADD
:1004300014534FEA0432019C43EA0603A4F10C046E
:100440000294009CCDE900B400F03FF803B0BDE891
:10045000F08F00200146F9E7C1F30A52C1F31301FE
:1004600040F2FF3341F480119A4202DA0020014643
:10047000704740F233439A42A2F2334202DC5242C6
:10048000FFF768BFFFF757BF064C074D06E0E0686F
:1004900040F0010394E8070098471034AC42F6D3CB
:1004A000FFF7FEFE1C6F00083C6F000810B5141E1D
:1004B00073F1000408DA401C41F1000192185B411D
:1004C0001A4301D120F0010010BD2DE9F04D9246F4
:1004D0009B4611B1B1FA81F202E0B0FA80F220320B
:1004E0009046FFF728FF04460F4640EA0A0041EA1B
:1004F0000B0153465A46084313D0114653EA0100F4
:1005000019D0C8F140025046FFF724FF05460E46B9
:10051000504659464246FFF70EFF084305D00120DA
:1005200004E020463946BDE8F08D0020054346EA48
:10053000E0762C4337430A986305E40AA0EB0800F1
:100540000022FD0A44EA47540A3002D50020014641
:10055000E9E7010510196941DDE90845001969411C
:10056000BDE8F04DA2E700BFFEE710B501F1E2FDE6
:1005700001F192FD10BD10B5002210E002EB420423
:10058000036903EBC40100230B604B608B60CB60FD
:100590000B614B6100F12C0343F82210521C042A1A
:1005A000ECD30024C46304644464C46484640324FA
:1005B000036803F58053C3F83041036803F58053A3
:1005C0000469C3F81C4103694833046804F5805486
:1005D000C4F8283110BD10B500220EE002EB420431
:1005E000C36803EBC40100230B604B608B60CB60DE
:1005F00000F1180343F82210521C042AEED3002401
:1006000084620324036803F58053C3F82C41036814
:1006100003F58053C468C3F81441036803F580539D
:10062000C468C3F8204110BD10B5024800F034FC86
:1006300010BD0000D800002470B506463068D0F820
:10064000004224F4706401F125FA054613488542FE
:1006500005D31348854202D244F400741AE01048CE
:10066000854205D30F48854202D244F4407411E01C
:100670000C48854203D30C48854200D20AE00A4860
:10068000854205D30948854202D244F4807401E0D2
:1006900044F480643068C0F8004270BD002D310120
:1006A000C00E16020087930300E1F50580D1F00823
:1006B00010B5036803F580531B6847F60204A34393
:1006C0000C682343046804F5805423600C798B681C
:1006D00043EA04330C7B43EAC432036803F58053D6
:1006E0005B684DF20104A3431343046804F580548E
:1006F00063604C7B0B6A43EA0442036803F5805352
:10070000D3F80031164C23401343046804F5805499
:10071000C4F800310C7D0B6943EA04134C7F43EAB3
:100720000432036803F58053D3F804310D4C2340A1
:100730001343046804F58054C4F804310C7F8B69BA
:1007400043EAC472036803F58053D3F80831064CBA
:1007500023401343046804F58054C4F8083110BDE5
:1007600000C0FEFFEFEFC0FFFFFFC07F10B51A48CB
:10077000007880B302F10BFB4FF4FA6002F100FB4A
:100780001648007838B3002009E0154951F82010C8
:10079000144A12681144124A42F82010401C1249AF
:1007A00009688842F1DB002011E00F210F4A52F85E
:1007B000202011800E4951F82010094A52F82020BB
:1007C00011440A4A52F82020C2F80210401C06497F
:1007D00009688842E9DB10BD8C0000248D000024EC
:1007E00010020224940000248800002490EF0124C9
:1007F000900102242DE9FC41002400250027A04699
:10080000ADA002F1ABFA00287AD0AEA001F1A4FEAF
:10081000012002F0F1FF002873DDB0480168B0A0AC
:1008200001F19AFEAD480068B2490860AB48006823
:10083000096888422AD1012423E0C4EBC40000EBFC
:100840004410AD4A02EBC00000F586712246ABA011
:1008500001F182FEC4EBC40000EB4410A64A02EB97
:10086000C00081882246ACA001F176FEB148C4EBFD
:10087000C40101EB4411A04A02EBC101C1F8080117
:10088000641C9C4800688442D7DD06E0AAA001F100
:1008900063FE4FF0FF30BDE8FC8102F157FA642798
:1008A0000BE09448006801F119FB0646012E00D1C7
:1008B00007E03146A5A001F14FFE381EA7F1010760
:1008C000EFD100BF27B9012E02D0A5A001F144FE4F
:1008D00001241CE0C4EBC40000EB4410864901EB8A
:1008E000C00090F8C90000280CDDA0B2A14BA24ABC
:1008F000012102F093FF2146A0A001F12DFE05E0A9
:10090000D4E0CDE02146A2A001F126FE641C794886
:1009100000688442DEDDA44802F078FFA348406B03
:10092000A249096BCDE90010A048C36A826A818B95
:100930009FA001F111FEA64A0421002002F0E8FF69
:1009400002F116FA00240BE0C4EBC40000EB4410E3
:10095000694931F8302021469EA001F1FDFD641C5B
:10096000644800688442EFDDA0A001F1F5FD8F48E6
:10097000818C408C01EB4000A74908600846016863
:10098000A6A001F1E9FD02F102FA4FF4FA6002F1CA
:10099000F7F9002002F100FAC82000F133F94FF412
:1009A0007A7700BF002408E00820C4EBC40101EB03
:1009B0004411514A22F83100641C4E4800688442B8
:1009C000F2DD002403E0A0B202F1E6F9641C49481C
:1009D00000688442F7DD00240BE0C4EBC40000EBA8
:1009E0004410454931F8302021467AA001F1B4FD88
:1009F000641C404800688442EFDD4FF00108002489
:100A00000BE0C4EBC40000EB44103B4931F830006C
:100A1000082801D04FF00008641C36480068844262
:100A2000EFDDB8F1000F00D003E0381EA7F1010799
:100A3000B8D100BF3048008808282BD1012518E024
:100A4000C5EBC50000EB45102B4901EBC000016A66
:100A5000681E794A42F82010C5EBC50000EB45102E
:100A6000254901EBC000C16A681E744A42F8201093
:100A70006D1C204800688542E2DD01207049087045
:100A8000002201216F4800F047FD6FA001F164FDD5
:100A9000012000E772A001F15FFD6FF00100FAE6AE
:100AA00072A001F159FD6FF00200F4E674A001F1AB
:100AB00053FD6FF00300EEE6536572766F44726982
:100AC0007665000065635F696E69742073756363A2
:100AD00065656465642E0D0A000000002000002496
:100AE000256420736C6176657320666F756E640D86
:100AF0000A0000008800002490020024466F756EF2
:100B00006420257320617420706F736974696F6E3F
:100B10002025640D0A000000466F756E642025785C
:100B200020617420706F736974696F6E2025640D85
:100B30000A00000091280008536C617665206E75EC
:100B40006D206572726F72210D0A0000256420739A
:100B50006C617665206E6F742073796E630D0A0088
:100B6000536C6176652073796E63206661696C658C
:100B7000640D0A00E093040040420F00536C61765C
:100B800065202564206861732044430D0A0000003D
:100B9000536C61766520256420686173206E6F74E4
:100BA0002044430D0A00000090F10124909E00248F
:100BB0007365676D656E7473203A202564203A2052
:100BC00025642025642025642025640D0A0000008A
:100BD00080841E00536C6176652025642053746107
:100BE00074653D3078253034780D0A005265717592
:100BF000657374206F7065726174696F6E616C20CB
:100C0000737461746520666F7220616C6C20736C04
:100C1000617665730D0A00009000002443616C63E7
:100C2000756C6174656420776F726B636F756E7439
:100C300065722025640D0A0090EF012410F0012454
:100C40008C00002400100258416C6C20736C61769B
:100C5000657320656E746572204F50210D0A000087
:100C60004F50204572726F72210D0A004E6F207333
:100C70006C6176657320666F756E64210D0A0000E5
:100C800065635F696E6974206661696C65640D0AED
:100C90000000000072B600BFFEE7014601F04F0001
:100CA000402801D10120704701F06F00212801D1B7
:100CB0000220F8E701F06F00232801D10320F2E7BA
:100CC00001F06F00272801D10420ECE701F06F004C
:100CD000072801D10520E6E701F04F000F2801D1D8
:100CE0000620E0E701F04F00082801D10720DAE7ED
:100CF0000020D8E701480068704700002404004045
:100D000070B5054605F12C02536952F82310966917
:100D1000906908B9012070BDD06900B1761C00242B
:100D200023E0086908604FF08070C860486928B106
:100D300048698860C86840F00070C860C86840F0C2
:100D40000040C860106A18B1C86840F08040C860B0
:100D50009069401EA04207D900BF5B1C042B00D342
:100D60001B1F00BF52F82310641CB442D9D328685B
:100D700000F58050C0F828110020906100BFCAE73C
:100D800030B504460D4604F12C0050F825100AB188
:100D9000042D02D30120606530BD0A600A61C86875
:100DA00040F08070C8602BB18B604B61C86840F028
:100DB0000070C860C86840F00040C8600020EBE7E1
:100DC00070472DE9F84F06468B4606F12C07D7F8F9
:100DD00014800020009057F828505C46B86930B95C
:100DE000304600F0E3F910B90120BDE8F88F4FF06C
:100DF000000A27E0686978B10CB90120F5E7286995
:100E0000206070696060A4680CB90120EDE7686932
:100E100020607069606003E028692060706960602C
:100E2000E868C0F30E00009000BF08F10108B8F1B7
:100E3000040F01D3A8F1040800BF57F82850A46894
:100E40000AF1010AB869401E5045D3D80CB90120F7
:100E5000CBE7E868C0F30E010098A1EB00097069C8
:100E6000484504D328692060C4F8049012E06869FA
:100E700070B12869206070696060A4680CB90120B5
:100E8000B3E7686920607069A9EB0000606001E069
:100E90000120AAE70020A8E710B50446206800F565
:100EA0008050D0F8600100F04000402817D1206841
:100EB00000F58050D0F8340100F0400040280ED1F9
:100EC000204600F073F9012802D1204600F0EEF927
:100ED00048F24001206800F58050C0F86011206899
:100EE00000F58050D0F8600100F0010088B1206862
:100EF00000F58050D0F8340100F0010048B12046E0
:100F000000F192F948F20101206800F58050C0F824
:100F10006011206800F58050D0F8600100F4804036
:100F2000B0F5804F4DD1206800F58050D0F83401E5
:100F300000F48040B0F5804F43D1606D40F0080070
:100F40006065206800F58050D0F8600100F48050A2
:100F5000B0F5805F1DD1206800F58050D0F86001A9
:100F600041F202110840884201D1012000E0002036
:100F7000A065206800F58050D0F8340120F440418D
:100F8000206800F58050C0F83411E02084F851004A
:100F900014E0206800F58050D0F8600100F4CD40E6
:100FA000B0F5CD4F01D1012000E00020A0654FF445
:100FB000CD41206800F58050C0F860112046FFF058
:100FC00035FE2068D0F8B00000F4C040B0F5C04F46
:100FD0000BD12068D0F8B800E065E02084F851001B
:100FE0002046FFF06DFF0020E0652068D0F8B000DB
:100FF00000F0100010280AD12068D0F8C00000F0DE
:1010000060002066204600F050F90020206620682D
:10101000D0F8B00000F0200020280AD12068D0F8D5
:10102000C00000F00F0060662046FFF7C9FE0020F8
:1010300060660648006800F4800030B14FF480001C
:1010400002490860204600F1F5F810BDA8000058DC
:1010500038B504460CB9012038BD94F8510010B9D8
:101060002046FFF02FFF232084F8510000BF4D4899
:10107000006840F002004B4908600846006800F034
:101080000200009000BF00BF207A18B9002000F0D5
:10109000E1FF03E04FF4000000F0DCFF206800F502
:1010A0008050006840F00101206800F58050016028
:1010B00000F106F905460CE000F102F9401BB0F51D
:1010C000FA7F06D904206065E02084F851000120F1
:1010D000C2E7206800F58050006800F00100002899
:1010E000EAD12046FFF7A8FA00F1D4FC2E49B0FB64
:1010F000F1F0401E2168C1F8DC002046FFF00FFA35
:10110000206800F58050D0F8000120F4E01040F491
:101110000021206800F58050C0F80011207D00F00B
:10112000030030B101206065E02084F85100012007
:1011300092E7206800F58050D0F8080147F6FE716C
:101140008843616940EA4101206800F58050C0F899
:1011500008112046FFF73FFA2046FFF70CFA6068B7
:1011600000796168497940EA01202168C1F80003EB
:101170006068C07800066168897840EA014061686B
:10118000497840EA01206168097808432168C1F87C
:10119000040300206065102084F8510084F8520098
:1011A000002059E7F444025840420F00F0B50746CA
:1011B00007F12C03196953F821200025002400268B
:1011C000986908B10020F0BD3DE06D1CD06800F0CA
:1011D000805000B3641C012C00D10E4600BF491C96
:1011E000042900D3091F00BF53F82120D06800F064
:1011F000004058B9D06800F0804038B10120D86173
:1012000000BF491C042900D3091F00BF19615E619A
:101210009C610120D7E7D06800F0005050B10E4625
:10122000012400BF491C042900D3091F00BF53F843
:10123000212008E0641C00BF491C042900D3091FB9
:1012400000BF53F82120D06800F0004008B9042DF9
:10125000BBD334B3314653F8212000251FE0106979
:1012600010604FF08070D060506928B15069906074
:10127000D06840F00070D060D06840F00040D0608E
:10128000186A18B1D06840F08040D06000BF491C97
:10129000042900D3091F00BF53F821206D1CA5426B
:1012A000DDD30020986100BF8DE77047704770471D
:1012B00010B5044604480068204020B1024804608C
:1012C0002046FFF7F4FF10BD88000058F8B502462D
:1012D0000B460021002600240020824D00BFFCE0C8
:1012E000012707FA01F61F6807EA0604B4427CD119
:1012F0005F68022F02D05F68122F1AD14FEAD10C1B
:1013000002F1200757F82C004F074FEAD76C0F2740
:1013100007FA0CF7B8434FEA417C4FEADC6C1F69CF
:1013200007FA0CF738434FEAD10C02F1200747F8CF
:101330002C0010684FEA410C032707FA0CF7B8435A
:101340001F7907F003074FEA410C07FA0CF73843FF
:1013500010605F68012F08D05F68022F05D05F68BA
:10136000112F02D05F68122F17D190684FEA410CFD
:10137000032707FA0CF7B8434FEA410CDF6807FA76
:101380000CF738439060506801278F40B8431F79AD
:10139000C7F300178F4038435060D0684FEA410CC4
:1013A000032707FA0CF7B8434FEA410C9F6807FA86
:1013B0000CF73843D0605F6807F08057B7F1805F63
:1013C00095D100BF484F3F6847F00207DFF818C1CA
:1013D000CCF8007067463F6807F00207009700BF2F
:1013E00000BF424F4FEA910C00E075E057F82C0027
:1013F0008F074FEA177C0F2707FA0CF7B8433C4FCB
:10140000BA4201D100272DE03A4FBA4201D101275B
:1014100028E0394FBA4201D1022723E0374FBA42C0
:1014200001D103271EE0364FBA4201D1042719E04B
:10143000344FBA4201D1052714E0334FBA4201D1EB
:1014400006270FE0314FBA4201D107270AE0304F9B
:10145000BA4201D1082705E02E4FBA4201D109272F
:1014600000E00A274FEA817C4FEA1C7C07FA0CF760
:1014700038431E4F4FEA910C47F82C002868A043D0
:101480005F6807F48037B7F5803F00D120432860BC
:101490006868A0435F6807F40037B7F5003F00D1E4
:1014A000204368604FF0B0473868A0435F6807F496
:1014B0008017B7F5801F00D120434FF0B047386048
:1014C0007868A0435F6807F40017B7F5001F00D1E4
:1014D00020434FF0B0477860491C1029FFF400AF5B
:1014E000F8BD000080000058F44402580804005879
:1014F000000002580004025800080258000C02586C
:10150000001002580014025800180258001C02581B
:1015100000200258002402580AB1018300E04183F0
:1015200070470000034800680349097808440149EE
:10153000086070470C000024140000244178154A0C
:1015400011600178F9B1121D41681160017B090732
:10155000C27A41EA0261827A41EAC241427B41EAAF
:101560008241827B41EA4241C27B41EA0241427AA6
:1015700041EA0221027A41EA420102781143054A16
:101580000832116005E00021024A121D1160121D8F
:101590001160704798ED00E000BF00BF00BFBFF3CF
:1015A0005F8F00BF00BF00BF0548006820F4803097
:1015B000034908600020024970310860704700004C
:1015C00024ED00E040F001010D4A11600C49703932
:1015D000096841F480310A4A703A116000BF00BFC7
:1015E00000BFBFF34F8F00BF00BF00BF00BF00BFF1
:1015F00000BFBFF36F8F00BF00BF00BF7047000088
:1016000094ED00E001460846002809DB00F01F03C6
:1016100001229A4043099B0003F1E023C3F8002113
:1016200000BF70472DE9F05F80460D46164601F079
:10163000BFFF074639462A46334601F00700C0F18E
:10164000070ABAF1040F02D94FF0040A01E0C0F111
:10165000070AD14600F1040ABAF1070F02D24FF08F
:10166000000A01E0A0F1030AD4464FF0010A0AFA89
:1016700009FAAAF1010A0AEA020A0AFA0CFA4FF078
:10168000010B0BFA0CFBABF1010B0BEA030B4AEA63
:101690000B042146404601F093FFBDE8F09F000097
:1016A00010B500F045F80949096801F470614FF47C
:1016B000807292FAA2F2B2FA82F2D140044A515CEC
:1016C000C840044908600846006810BD1844025824
:1016D000486E00081800002410B500F1DBF9074936
:1016E000096801F07001102292FAA2F2B2FA82F2B5
:1016F000D140034A515CC84010BD0000204402584C
:10170000486E000810B500F1C5F90749096801F0F5
:101710007001102292FAA2F2B2FA82F2D140034A88
:10172000515CC84010BD00001C440258486E0008BF
:1017300070B5012500EE905A0022012100230024FB
:10174000DFED861AB0EE610ADFED841AB0EE611AA1
:101750000020834D2D6805F0380535B1082D15D0D2
:10176000102D15D0182D7CD114E07D4D103D2D6825
:10177000C5F3401545B17A4D103D2D68C5F3C1063E
:10178000784D25FA06F000E07648E5E07648E3E09B
:101790007648E1E0724D18352D6805F00302704D72
:1017A00018352D68C5F305116D4D1C352D6805F0F4
:1017B00001036B4D24352D68C5F3CC0515FB03F5EE
:1017C00001EE905AF8EE611AB0EE610A22B1012AD8
:1017D0004FD0022A7DD16BE0614D103D2D68C5F3DD
:1017E00040152DB35E4D103D2D68C5F3C1065D4D0E
:1017F00025FA06F4B4FBF1F501EE905AB8EE612A31
:10180000DFED5B1AC0EE212A554D20352D68C5F35A
:10181000080501EE905AF8EE611A72EEA11AF7EE81
:10182000002A71EEA21A62EE211AB0EE611A1FE0D0
:101830004C4DB5FBF1F501EE905AB8EE612ADFEDA3
:101840004C1AC0EE212A464D20352D68C5F30805F7
:1018500001EE905AF8EE611A72EEA11AF7EE002A24
:1018600000E077E071EEA21A62EE211AB0EE611A82
:101870005EE03D4DB5FBF1F501EE905AB8EE612A00
:10188000DFED3B1AC0EE212A354D20352D68C5F31A
:10189000080501EE905AF8EE611A72EEA11AF7EE01
:1018A000002A71EEA21A62EE211AB0EE611A3FE030
:1018B0002E4DB5FBF1F501EE905AB8EE612ADFED41
:1018C0002C1AC0EE212A264D20352D68C5F30805B7
:1018D00000E00EE001EE905AF8EE611A72EEA11AE5
:1018E000F7EE002A71EEA21A62EE211AB0EE611A2A
:1018F0001EE01D4DB5FBF1F501EE905AF8EE612AA0
:10190000DFED1B1A80EE212A154D20352D68C5F319
:10191000080501EE905AF8EE611A72EE211AB7EE40
:10192000002A71EE821A62EEA11AB0EE611A00BFAF
:1019300000BF0B4D20352D68C5F346256D1C00EE0C
:10194000905AF8EE601A81EE212AFCEEC21A11EECE
:10195000900A01E0044800BF00BF70BD0000000015
:10196000104402580090D00300093D0040787D01EA
:101970000000004610B50748006800F48060B0F52C
:10198000806F06D1FFF052FF4FF480600149091DBE
:10199000086010BD6444025870B5044600252078E4
:1019A00000F00100002870D0F748006800F038000F
:1019B00010280CD0F448006800F03800182812D124
:1019C000F1481830006800F0030002280BD1EE48FF
:1019D00010380068C0F34040002869D060680028D3
:1019E00066D1012070BD00BF6068B0F5803F08D1AE
:1019F000E5481038006840F48030E3491039086049
:101A00002EE0606868B9E0481038006820F4803043
:101A1000DD49103908600846006820F4802008601D
:101A20001EE06068B0F5A02F0DD1D74810380068CF
:101A300040F48020D449103908600846006840F41A
:101A4000803008600CE0D0481038006820F4803006
:101A5000CD49103908600846006820F480200860ED
:101A600000BF606890B1FFF02BFC054606E0FFF078
:101A700027FC401B642801D90320B3E7C248103873
:101A80000068C0F340400028F1D011E0FFF018FCDE
:101A9000054606E0FFF014FC401B642801D9032032
:101AA000A0E7B94810380068C0F340400028F1D1E1
:101AB000207800F00200022847D1B348006800F007
:101AC000380058B1B048006800F0380018283ED1FE
:101AD000AD481830006800F00300B8BBAA481038C1
:101AE0000068C0F3800018B1E06808B9012079E708
:101AF000A5481038006820F01900E1680843A249A1
:101B000010390860FFF0DCFB054606E0FFF0D8FB6B
:101B1000401B022801D9032064E79B481038006865
:101B2000C0F380000028F1D097480C38006820F4FA
:101B30007C304FF47C3292FAA2F2B2FA82F221693E
:101B40009140084390490C3908604AE0FFE7E0689B
:101B500068B38D481038006820F01900E168084328
:101B6000894910390860FFF0ABFB054606E0FFF03D
:101B7000A7FB401B022801D9032033E78248103815
:101B80000068C0F380000028F1D07F480C3800685E
:101B900020F47C304FF47C3292FAA2F2B2FA82F254
:101BA00021699140084378490C39086019E076486A
:101BB0001038006820F00100734910390860FFF008
:101BC0007FFB054606E0FFF07BFB401B022801D9A6
:101BD000032007E76C4810380068C0F38000002835
:101BE000F1D1207800F01000102877D16648006805
:101BF00000F0380008280CD06348006800F0380076
:101C0000182823D160481830006800F0030001282C
:101C10001CD15D4810380068C0F3002020B1E06995
:101C2000802801D00120DDE657480C38006820F0FC
:101C3000F8404FF0F84292FAA2F2B2FA82F2216A28
:101C40009140084350490C39086047E0E06958B3B7
:101C50004D481038006840F080004B49103908604A
:101C6000FFF02EFB054606E0FFF02AFB401B022892
:101C700001D90320B6E6444810380068C0F30020BC
:101C80000028F1D040480C38006820F0F8404FF0B0
:101C9000F84292FAA2F2B2FA82F2216A9140084323
:101CA00039490C39086019E037481038006820F0CD
:101CB0008000354910390860FFF002FB054606E058
:101CC000FFF0FEFA401B022801D903208AE62E48C5
:101CD00010380068C0F300200028F1D1207800F00F
:101CE0000800082836D16069D0B127486430006800
:101CF00040F00100244964310860FFF0E1FA054634
:101D000006E0FFF0DDFA401B022801D9032069E656
:101D10001D4864300068C0F340000028F1D019E08D
:101D200019486430006820F00100174964310860E8
:101D3000FFF0C6FA054606E0FFF0C2FA401B022893
:101D400001D903204EE6104864300068C0F340001B
:101D50000028F1D1207800F02000202834D1A0699B
:101D6000D8B109481038006840F48050064910394D
:101D70000860FFF0A5FA054608E0FFF0A1FA401B55
:101D8000022803D903202DE610440258AF4800680A
:101D9000C0F340300028F0D016E0AC48006820F4D2
:101DA0008050AA490860FFF08BFA054606E0FFF074
:101DB00087FA401B022801D9032013E6A3480068D4
:101DC000C0F340300028F2D1207800F0040004284D
:101DD0007DD19F48006840F480709D490860FFF005
:101DE0006FFA054606E0FFF06BFA401B642801D944
:101DF0000320F7E59648006800F480700028F2D0D0
:101E000000BFA068012808D190487030006840F0F9
:101E100001008E49703108602DE0A06868B98B48D8
:101E20007030006820F00100884970310860084671
:101E3000006820F0040008601DE0A06805280DD1AE
:101E400082487030006840F00400804970310860BA
:101E50000846006840F0010008600CE07B487030E4
:101E6000006820F001007949703108600846006878
:101E700020F00400086000BFA068A0B1FFF020FAC5
:101E8000054608E0FFF01CFA401B41F28831884209
:101E900001D90320A6E56D4870300068C0F340000A
:101EA0000028EFD013E0FFF00BFA054608E0FFF042
:101EB00007FA401B41F28831884201D9032091E59D
:101EC000624870300068C0F340000028EFD1606ABB
:101ED00000287CD05D481030006800F038001828D9
:101EE00076D0606A022874D15848006820F080706B
:101EF00056490860FFF0E4F9054606E0FFF0E0F916
:101F0000401B022801D903206CE550480068C0F34B
:101F100040600028F2D100BFD4E90A1041EA001065
:101F20004A492831096840F2F3329143084347494E
:101F300028310860208E401EC0F30800616B491EE6
:101F40004FF47E4202EA41210843218F491ED2010B
:101F500002EA014108433C21095D491E120202EADE
:101F60000161084339493031086000BF081D00682D
:101F70004FF6F87188434FF6F87292FAA2F2B2FA6D
:101F800082F2A16C914008433049343108602F48F7
:101F90002C30006820F00C00216C08432B492C31B8
:101FA00008600846006820F00200616C0843274979
:101FB0002C3108600846006840F48030086008460C
:101FC000006840F4003008600846006802E03BE02A
:101FD00038E01FE040F4802008600846006840F0C8
:101FE000010008601948006840F0807017490860D7
:101FF000FFF066F9054606E0FFF062F9401B022893
:1020000001D90320EEE411480068C0F340600028C5
:10201000F2D019E00D48006820F080700B4908608C
:10202000FFF04EF9054606E0FFF04AF9401B022892
:1020300001D90320D6E405480068C0F340600028B9
:10204000F2D101E00120CDE40020CBE400440258AD
:10205000004802580349096821F460010143014A1C
:102060001160704704040058704710B5FFF7FCFF7B
:1020700010BD704730B502460B4600BF92F83C00D9
:10208000012801D1022030BD012082F83C0000BFB0
:1020900010684168106884680F4D1068A84203D02A
:1020A0000E4D1068A84203D121F470015868014315
:1020B00021F070011868014324F0800498680443FB
:1020C000106841601068846000BF002082F83C0006
:1020D00000BF00BFD7E7000000000140000401403E
:1020E00010B504460CB9012010BD94F83D0028B984
:1020F000002084F83C002046FFF02EFD022084F8EA
:102100003D00211D206800F145F9012084F83D00C3
:102110000020E9E72DE9F04104460D46002600BF06
:1021200094F83C00012802D10220BDE8F081012092
:1021300084F83C0000BF022084F83D0020688668D7
:102140004148064026F47F4620688660286850286B
:102150003BD00CDC202860D004DC002853D01028B1
:1021600065D155E030285DD0402860D141E060283D
:1021700035D070280DD0B0F5805F03D0B0F5005F8A
:1021800055D115E020688068304908402168886092
:102190004EE0D5E902136A68206800F001FC20686F
:1021A00086682948064046F07706206886603FE04A
:1021B000D5E902136A68206800F0F2FB20688068A5
:1021C00040F480402168886032E0EA6869682068ED
:1021D00000F048FC5021206800F142F928E0EA684C
:1021E0006968206800F148F96021206800F138F939
:1021F0001EE0EA686968206800F034FC402120682D
:1022000000F12EF914E00021206800F129F90FE017
:102210001021206800F124F90AE02021206800F153
:102220001FF905E03021206800F11AF900E000BF35
:1022300000BF012084F83D0000BF002084F83C006E
:1022400000BF00BF71E7000088FFCEFFF8FFFEFF70
:102250007047704710B504460CB9012010BDA06945
:1022600000B100E000BF94F8790028B9002084F89C
:1022700078002046FFF0F0FD242084F879002068E3
:10228000006820F0010021680860204600F074FC1E
:10229000012800D1E2E7606B10B1204600F0F7FBA7
:1022A0002068406820F49040216848602068806879
:1022B00020F02A00216888602068006840F0010052
:1022C00021680860204600F1EDF8C7E72DE9F843E2
:1022D00004460D4616461F464FF0000994F8790053
:1022E000202854D105B116B90120BDE8F88300BFFC
:1022F00094F87800012801D10220F6E7012084F843
:10230000780000BF00206034E06121206076FEF09C
:10231000D7FF814626806680603C21E0B4F86200E9
:10232000401EA4F862004B46002280212046009700
:1023300001F0F4F808B10320D7E7A068B0F5805F9A
:102340000AD1206940B9A846B8F80000C0F30800D7
:1023500021680885AD1C03E015F8010B216808858C
:10236000B4F862000028D9D14B4600224021204613
:10237000009701F0D3F808B10320B6E7202084F8D5
:10238000790000BF002084F8780000BFADE702208C
:10239000ABE700007CB5002001900025012400BFC0
:1023A00015E001AB122229463148FEF01BFE04461F
:1023B0001CB130A000F1D0F808E0019800F01F0037
:1023C000A84202D12F48056003E000BF6D1C202DFC
:1023D000E7D900BF2B4800681F2805D92AA000F1C3
:1023E000BBF84FF0FF307CBD4FF40043002225487E
:1023F00001681F48FEF020FF04462CB11DA000F12B
:10240000ABF84FF0FF30EEE700BF01AB00221D48F4
:1024100001681748FEF0E6FD04462CB115A000F156
:102420009BF84FF0FF30DEE7019800F400400028F1
:10243000EBD100906B460022124801680C48FEF078
:10244000D1FD044614B10BA000F186F8009840F4C9
:102450008050009000220B48009B01680448FEF069
:10246000EBFE044614B10FA000F176F80020BAE7A5
:10247000D800002452656164526567206572726FEE
:10248000720D0A009C0000244D617463682050485E
:10249000592041646472657373204661696C656498
:1024A000210D0A005374617274204175746F4E657A
:1024B000676F206572726F720D0A00001FB5FFF71B
:1024C0006BF801208DF800001F48019007208DF85F
:1024D000080003208DF80B0001208DF80F0000206C
:1024E0008DF80E008DF80D008DF801008DF80A00B2
:1024F0008DF809008DF80C006846FFF71FF80120E1
:102500008DF80000114801900D208DF8080003207F
:102510008DF80B0000208DF80F0001208DF80E00C3
:1025200000208DF80D0001208DF8010000208DF8AD
:102530000A008DF809008DF80C006846FEF7FEFFD2
:102540000420FFF73FF81FBD0000043000400430B6
:102550001CB520482049086001208DF800000020AB
:102560008DF8010045208DF8020019208DF8030038
:1025700003208DF8040000208DF80500C1F804D078
:102580000121154801721549C160154901614FF4D7
:10259000BF61416100224FF400511248FEF7BCFFB9
:1025A0003720FEF02FFB012251030E48FEF7B4FF47
:1025B0003720FEF027FB0848FEF74AFD0648FEF7E5
:1025C00047FD18B908A0FFF0C7FF02E00CA0FFF01C
:1025D000C3FF1CBD00800240D8000024600004300E
:1025E00000000430000C02584D616320496E69748C
:1025F000205375636365737366756C6C790D0A009F
:102600004D616320496E6974204661696C65640D93
:102610000A00000000B587B00020039004900590E8
:1026200006900090019002901648FFF095FA164827
:10263000144908603120486000211248816040F64A
:102640009F71C1600021016141618161FFF748FD17
:1026500008B1FEF71FFB4FF48050039003A909480F
:10266000FFF758FD08B1FEF715FB00200090019020
:10267000029069460348FFF7FDFC08B1FEF70AFB2C
:1026800007B000BD400100240000014000B585B046
:102690001048FFF061FA10480E49086000204860B9
:1026A00000210C4881600D49C16000210161802139
:1026B0008161FFF715FD0720009010200190002098
:1026C000029069460348FFF09BFB0248FFF090FA36
:1026D00005B000BDC00100240004004020A1070097
:1026E00010B50B480B4908604FF4E13048600021F9
:1026F00008488160C16001610C2141610021816154
:10270000C161FFF7A7FD08B1FEF7C4FA10BD0000D4
:10271000001001400002002400BFFEE7F0B59DB0AC
:10272000002769462D48FEF06DFB01208DF8000062
:1027300069462A48FEF0A4FC00250CE0C5EB851094
:1027400000EBC510264901EBC002002329462348AF
:10275000FEF716FB6D1C042DF0D3FFF71BFE00BF28
:102760006420FEF04FFAFEF0C9F906461DA0FFF006
:10277000F3FE012EF4DD314620A0FFF0EDFE022E27
:1027800006D0032E08D0042E0AD0052E0FD10BE060
:102790004FF4005467000EE000244FF480470AE035
:1027A0004FF40054002706E00024002703E04FF414
:1027B0000054670000BF00BF04A90848FEF037FAC4
:1027C0000A94099704A90548FEF048FC0348FEF066
:1027D0008BFC0248FEF794FA1DB0F0BDD80000242F
:1027E00000020430436F6E6E656374204465766941
:1027F0006365202E2E2E2E2E2E0D0A004C696E6B38
:10280000205374617475732069732025640D0A0068
:102810007047000010B500231B4C236000BF00BFB1
:1028200000BFBFF34F8F00BF00BF00BF231F18685A
:10283000C0F34E3100BFC0F3C90200BF43F6E073DE
:1028400003EA41134FF0404404EA827423430F4CDF
:10285000236000BF00BF131EA2F10102EED10B1EC8
:10286000A1F10101E7D100BF00BF00BFBFF34F8F4F
:1028700000BF00BF00BF00BF00BF00BFBFF36F8F2E
:1028800000BF00BF00BF10BD84ED00E074EF00E0AA
:1028900070B506460124012500BF00BF00231A467B
:1028A00041F61241304604F07BFA00231A464FF4F9
:1028B000B051304604F074FA2246641C314B4FF498
:1028C000B051304604F032FA2246641C2E4B4FF4CD
:1028D000B051304604F02AFA601EC3B200224FF411
:1028E000B051304604F05CFA4FF4B053012241F687
:1028F0001241304603F1CEFE0123002241F612417F
:10290000304604F04DFA00231A4641F61341304692
:1029100004F046FA00231A464FF4D051304604F032
:102920003FFA2A466D1C194B4FF4D051304604F043
:10293000FDF92A466D1C164B4FF4D051304604F079
:10294000F5F9681EC3B200224FF4D051304604F0AE
:1029500027FA4FF4D053012241F61341304603F1D8
:1029600099FE0123002241F61341304604F018FA83
:102970000823002246F26001304604F011FA0020DC
:1029800070BD00001000406020007A6010004160BF
:102990002000646010B5FEF7C5FDFFF766FB10BDB3
:1029A00030B50C460021816821F47F4142EA0325BD
:1029B00025432943816030BD2DE9F04104460D4691
:1029C00000260027B04620688668244806406868CC
:1029D00006432348064028680643206886606868E6
:1029E00000F00F01002935D10011082832D2DFE8AC
:1029F00000F02D2E2F300B212704D5E90313AA68F0
:102A00002068FFF7CDFF26E02068D0F820802068FE
:102A1000006A20F00100216808622068876927F0B9
:102A2000F007286947EA0017206887612068C0F826
:102A3000208010E02A69A968206800F013F80AE0F5
:102A40002A69A9682068FFF017FD04E003E002E0AE
:102A500001E000E000BF00BFBDE8F0818FFFCFFFC5
:102A6000F8FFFEFF30B50B46144600210022026A33
:102A7000056A25F001050562816921F0F00141EA4E
:102A8000041122F00A021A438161026230BD90F8FB
:102A9000341001F0010139B10168496821F40031B5
:102AA000826B11430268516090F8341001F002010A
:102AB00039B10168496821F48031C26B1143026861
:102AC000516090F8341001F0040139B1016849688F
:102AD00021F48021026C11430268516090F8341097
:102AE00001F0080139B10168496821F40041426CE4
:102AF00011430268516090F8341001F0100139B1AF
:102B00000168896821F48051826C114302689160E8
:102B100090F8341001F0200139B10168896821F47E
:102B20000051C26C11430268916090F8341001F0BA
:102B3000400199B10168496821F48011026D114387
:102B400002685160016DB1F5801F07D101684968C5
:102B500021F4C001426D11430268516090F83410B5
:102B600001F0800139B10168496821F40021826DCA
:102B700011430268516070472DE9F04F89B0044657
:102B800000254FF08008A946AA4600200890FA497F
:102B90002068884201D1012000E0002000B100E05F
:102BA00000BFA06AB0F1005F00D100BF2169A0683A
:102BB000084361690843E16940EA0105A06A0543E9
:102BC00020680068ED4908402843216808602068B3
:102BD000406820F44050E168084321684860A569D6
:102BE000E5492068884201D1012000E0002008B9B1
:102BF000206A0543A06AB0F1005F03D1D4E90B015C
:102C00000843054320688068DD490840284321685F
:102C100088602068C06A20F00F00616A084321685C
:102C2000C86200BFD7492068884224D1D6480068CE
:102C300000F03800182814D005DC48B108280AD064
:102C4000102817D10AE020280ED0282812D10EE033
:102C50004FF001080EE04FF004080BE04FF0400881
:102C600008E04FF0080805E04FF0100802E04FF0D0
:102C7000200800BF17E1C549206888421DD1C2481D
:102C8000006800F00700062816D2DFE800F003060F
:102C9000090C0F124FF000080EE04FF004080BE093
:102CA0004FF0400808E04FF0080805E04FF010082A
:102CB00002E04FF0200800BFF5E0B54920688842E7
:102CC0001DD1B148006800F00700062816D2DFE8E1
:102CD00000F00306090C0F124FF000080EE04FF051
:102CE00004080BE04FF0400808E04FF0080805E04A
:102CF0004FF0100802E04FF0200800BFD3E0A549D4
:102D0000206888421DD1A048006800F0070006280E
:102D100016D2DFE800F00306090C0F124FF000088E
:102D20000EE04FF004080BE04FF0400808E04FF0D1
:102D3000080805E04FF0100802E04FF0200800BF3F
:102D4000B1E09549206888421DD18F48006800F0A5
:102D50000700062816D2DFE800F00306090C0F1260
:102D60004FF000080EE04FF004080BE04FF0400871
:102D700008E04FF0080805E04FF0100802E04FF0BF
:102D8000200800BF8FE085492068884224D17E4812
:102D9000006800F03800182814D005DC48B1082875
:102DA0000AD0102817D10AE020280ED0282812D1E6
:102DB0000EE04FF001080EE04FF004080BE04FF07A
:102DC000400808E04FF0080805E04FF0100802E066
:102DD0004FF0200800BF66E07149206888421DD18D
:102DE0006948006800F00700062816D2DFE800F006
:102DF0000306090C0F124FF000080EE04FF0040814
:102E00000BE04FF0400808E04FF0080805E04FF0F5
:102E1000100802E04FF0200800BF44E0614920683C
:102E200088421DD15848006800F00700062816D2D5
:102E3000DFE800F00306090C0F124FF000080EE067
:102E40004FF004080BE04FF0400808E04FF008088E
:102E500005E04FF0100802E04FF0200800BF22E02C
:102E60004549206888421ED14748001D006800F08F
:102E70000700062816D2DFE800F00306090C0F123F
:102E80004FF002080EE04FF004080BE04FF040084E
:102E900008E04FF0080805E04FF0100802E04FF09E
:102EA000200800BF00BF00BF33492068884201D11D
:102EB000012000E0002000285DD00025B8F1100FAF
:102EC00033D009DCB8F1020F10D0B8F1040F11D0E3
:102ED000B8F1080F2ED117E0B8F1200F27D0B8F1C4
:102EE000400F0CD0B8F1800F24D124E0FEF7F4FBA2
:102EF000054623E005A8FEF06DFA069D1EE002A837
:102F0000FEF07EFB039D19E01F4854380068C0F3B3
:102F1000401040B11C4854380068C0F3C101224839
:102F200020FA01F500E0204D08E0204D06E04FF4C6
:102F3000004503E000BF0120089000BF00BF002D46
:102F40000AD0606800EB4000A84203D86068000324
:102F5000A84202D201200890D4E2B8F1100F7CD030
:102F600026DCB8F1020F2DD0B8F1040F52D0B8F121
:102F7000080F73D19EE03FE1000C0058F369FFCFCA
:102F8000FFF4FF1100100140544402580044004077
:102F900000480040004C0040005000400014014038
:102FA00000780040007C00400090D00300093D0004
:102FB000B8F1200F7DD0B8F1400F54D0B8F1800F98
:102FC000D7D109E1FEF788FB00270646FB49606A76
:102FD00031F810C062463B4630463946FDF768F985
:102FE0004FF4807600220346A3FB060701FB06711F
:102FF00003FB021361684908064671185A41CDE97E
:10300000001266683246002308460199FDF750F920
:103010000546E4E005A8FEF0DDF9DDF818C0E74953
:10302000606A31F810B05A46002360461946FDF731
:103030003FF94FF4807C0022A0FB0C3B01FB0CB15C
:1030400000FB0210616849085E1840EB0201D4F8E9
:1030500004C062460023304601E079E0BBE0FDF7A2
:1030600027F90546BBE002A8FEF0CAFADDF80CC05D
:10307000D249606A31F810B05A46002360461946BA
:10308000FDF716F94FF4807C0022A0FB0C3B01FBFE
:103090000CB100FB0210616849085E1840EB0201A8
:1030A000D4F804C0624600233046FDF701F9054616
:1030B00095E06EE0C2480068C0F3401038B3C048E5
:1030C0000068C0F3C101BF4820FA01FCBB49606A37
:1030D00031F810B05A46002360461946FDF7E8F86B
:1030E0004FF4807C0022A0FB0C3B01FB0CB100FBE9
:1030F0000210616849085E1840EB0201D4F804C070
:10310000624600233046FDF7D3F805461FE0AB4981
:10311000606A31F810C062460023AA481946FDF7DC
:10312000C7F84FF4807C0022A0FB0C3B01FB0CB1E4
:1031300000FB0210616849085E1840EB0201D4F8F8
:1031400004C0624600233046FDF7B2F8054646E06B
:103150009A49606A31F810C0624600239A481946BD
:10316000FDF7A6F84FF4807C0022A0FB0C3B01FB8E
:103170000CB100FB0210616849085E1840EB0201C7
:10318000D4F804C0624600233046FDF791F80546A6
:1031900025E08A49606A31F810C0624600234FF486
:1031A00000401946FDF784F84FF4807C0022A0FB14
:1031B0000C3B01FB0CB100FB0210616849085E1872
:1031C00040EB0201D4F804C0624600233046FDF70C
:1031D0006FF8054603E000BF0120089000BF00BF64
:1031E000B5F5407F05D3B5F5801F02D22068C560D4
:1031F00088E10120089085E1E069B0F5004F7CD1BD
:10320000B8F1100F7AD00CDCB8F1000F13D0B8F180
:10321000010F21D0B8F1040F2FD0B8F1080F6ED1F3
:1032200051E0B8F1200F6BD0B8F1400F38D0B8F1B1
:10323000800F64D197E0FEF765FA604A616A32F860
:103240001110B0FBF1F04000616800EB5100B0FBE1
:10325000F1F01FFA80FA89E0FEF038FC574A616A03
:1032600032F81110B0FBF1F04000616800EB510042
:10327000B0FBF1F01FFA80FA78E005A8FEF0AAF89A
:1032800006994E4A606A32F81000B1FBF0F0400037
:10329000616800EB5100B0FBF1F01FFA80FA65E0C5
:1032A00002A8FEF0ADF90399444A606A32F81000B2
:1032B000B1FBF0F04000616800EB5100B0FBF1F0B1
:1032C0001FFA80FA52E03E480068C0F34010C0B1D7
:1032D0003B480068C0F3C1013A48C840374A616AB8
:1032E00032F81110B0FBF1F04000616800EB5100C2
:1032F000B0FBF1F01FFA80FA12E044E011E031E097
:103300001FE02E49606A31F810002E49B1FBF0F041
:103310004000616800EB5100B0FBF1F01FFA80FA49
:1033200024E02649606A31F810002749B1FBF0F02B
:103330004000616800EB5100B0FBF1F01FFA80FA29
:1033400014E01E49606A31F810004FF40041B1FBEF
:10335000F0F04000616800EB5100B0FBF1F01FFAA3
:1033600080FA03E000BF0120089000BF00BF4FF6C5
:10337000F0700AEA0009CAF3420049EA000920682D
:10338000C0F80C90BEE0B8F1100F7CD00CDCB8F1A6
:10339000000F1BD0B8F1010F29D0B8F1040F37D0BE
:1033A000B8F1080F70D159E0B8F1200F6DD0B8F125
:1033B000400F40D0B8F1800F66D19FE00C67100835
:1033C000004402580090D00300093D00FEF79AF92E
:1033D0004E4A616A32F81110B0FBF1F0616800EBFF
:1033E0005100B0FBF1F080B22168C86089E0FEF0C6
:1033F0006DFB464A616A32F81110B0FBF1F061686A
:1034000000EB5100B0FBF1F080B22168C86078E0B9
:1034100005A8FDF0DFFF06993C4A606A32F810000B
:10342000B1FBF0F0616800EB5100B0FBF1F080B24D
:103430002168C86065E002A8FEF0E2F80399334A0B
:10344000606A32F81000B1FBF0F0616800EB5100E7
:10345000B0FBF1F080B22168C86052E02C480068EF
:10346000C0F34010C0B12A480068C0F3C101294828
:10347000C840264A616A32F81110B0FBF1F0616869
:1034800000EB510002E017E037E025E0B0FBF1F07F
:1034900080B22168C8600EE01C49606A31F81000F3
:1034A0001C49B1FBF0F0616800EB5100B0FBF1F09A
:1034B00080B22168C86024E01449606A31F81000C5
:1034C0001549B1FBF0F0616800EB5100B0FBF1F081
:1034D00080B22168C86014E00C49606A31F81000BD
:1034E0004FF40041B1FBF0F0616800EB5100B0FB1C
:1034F000F1F080B22168C86003E000BF01200890AD
:1035000000BF00BF089809B0BDE8F08F0C67100835
:10351000004402580090D00300093D002DE9F0411D
:1035200004460D4617469846069E21E0701CF8B1E9
:103530002EB1FDF0C5FEA0EB0800B04218D92068FE
:10354000006820F4D070216808602068806820F04E
:10355000010021688860202084F8790084F87A00CE
:1035600000BF002084F8780000BF0320BDE8F08190
:103570002068C0692840A84201D1012000E0002055
:10358000B842D3D00020F1E70FB4084B10B504A91E
:1035900002AA0398FEF0F0FF044602A9002000F002
:1035A0001EF9204610BC5DF814FB0000DF37000850
:1035B00002480068C0F30220704700000CED00E0F4
:1035C00010B5002804DB0A07130E054A135406E061
:1035D0000A07140E034A00F00F031B1FD45410BD3A
:1035E00000E400E018ED00E002E008C8121F08C186
:1035F000002AFAD170477047002001E001C1121F74
:10360000002AFBD1704700002DE9FF5F82B0002146
:10361000DDE90430020DDDF840B0034318D044F674
:103620001050A2F2FF3242431514119801281FD006
:10363000A5EB0B00401C5FEA000A4FF000064E4F5E
:10364000DFF83891B046504615D5CAF1000413E0B2
:10365000119801244AA3012801D16FEA0B010298B5
:10366000119AC0E90031C0E9024206B0BDE8F09FFE
:10367000CBF10000DFE704460021404A491842EB45
:103680000450CDE9001012E0E00707D032463B4677
:1036900040464946FCF76EFE8046894632463B4628
:1036A00010461946FCF766FE06460F466410002CCD
:1036B000EAD1DDE90401DDE90023BAF1000F06DA01
:1036C000FCF758FE42464B46FCF754FE05E0FCF082
:1036D000B2FD42464B46FCF0AEFD04460E460022CB
:1036E000284BFCF017FE03D84FF0FF30014607E0EF
:1036F0000022254B20463146FCF0F6FCFCF7ACFEE0
:10370000102409E0002C0ADB0A220023FCF7D0FD7C
:10371000039B30321A55641E50EA0102F2D1641C38
:10372000039AC4F111031444119A012A03D001220F
:1037300008430DD10AE0084304D000204FF0110BDC
:10374000119072E7A3EB0B056D1E0DE05B4504DDE8
:103750004FF0000205F1010504E003DA4FF000022A
:10376000A5F10105002AECD002981199C0E90231B7
:10377000C0E9004579E70000000014400000F03F78
:10378000300000000000F0430000E03F2DE9F04170
:10379000044600251E461746880404D405E0394631
:1037A0002020B0476D1C641EF9D52846BDE8F08185
:1037B0002DE9F041044600251E469046C80301D578
:1037C000302700E02027880404D505E0414638462C
:1037D000B0476D1C641EF9D52846BDE8F0810A6823
:1037E000531C0B601070704710B5044640F2CE5168
:1037F0002046FCF04FFC10BD10B50446214602489F
:1038000000F1CCF810BD00003800002410B50446CB
:1038100000212046FFF08EFA10BD0000F8B50446E6
:103820000D4616461F4633462A4621460248009753
:1038300001F134F8F8BD00003800002410B502464C
:10384000002000BF401C00EBC0030D4C54F8333087
:103850005B1C63B100EBC00354F833309342F1D1E9
:1038600000EBC00304EBC3035B688B42EAD100EBBF
:10387000C003034C54F833305B1C03B9002010BD67
:103880006C671008411CC8B2072800DD0120704792
:1038900070B504460D462A462146024802F000FC57
:1038A00070BD00003800002410B5044621460248CF
:1038B00002F0E9FC10BD00003800002470B5044699
:1038C00025464FF6FF7003F02AFA28804FF6FF7066
:1038D00003F025FA68804FF6FF7003F020FAA88005
:1038E0000A49088803F01BFAE8800849488803F071
:1038F00016FA28810549888803F011FA688148F68C
:10390000A40003F00CFAA88170BD0000886E0008C6
:1039100070B504460D46164633462A4621460248EF
:1039200002F10FFD70BD000038000024FFB583B028
:1039300004460D4616460C9F06A802233246294629
:10394000CDE900072046FFF081FA07B0F0BD2DE970
:10395000FF5F05460F4690461E46DDE90E9B284652
:1039600001F0D5FBC4B240F2F72014FB00F046F2A0
:1039700074522A4402EB4001234607222846CDE92F
:103980000269CDE9007802F152FB5A4621462846E9
:1039900003F007F88246BAF1000F0CDD40F2F72081
:1039A000604305F1200202EB400000F10C013246B9
:1039B0004846FCF7AEFC00222146284602F127FBD0
:1039C000504604B0BDE8F09F2DE9FF5F05460E4666
:1039D00017469846DDE90E9A284601F098FBC4B2D6
:1039E00040F2F72014FB00F046F274522A4402EB36
:1039F00040012346082228468DE8C00302F117FB48
:103A000052462146284602F0CCFF8346002221463A
:103A1000284602F1FCFA584604B0BDE8F09F2DE9B3
:103A2000F04FC5B08346884691461E46DBF80070CD
:103A3000384601F06CFBC5B2002404EB440006EBF1
:103A4000400006224FF4987339F81410CDE9013282
:103A50000091039040F2F72015FB00F046F27452FB
:103A60003A4402EB40012B460422384602F1DFFAC9
:103A70000C2005A941F824001EE004EB440006EBED
:103A8000400006224FF4987339F81410CDE9023241
:103A9000019104900120009040F2F720684346F223
:103AA00074523A4402EB40012B460422384600F09F
:103AB00088FB05A941F82400601C0446A8F1010117
:103AC0008842DADB44451EDA04EB440006EB400092
:103AD00006224FF4987339F81410CDE9023201919F
:103AE00004900020009040F2F720684346F27452A0
:103AF0003A4402EB40012B460422384600F061FBB9
:103B000005A941F82400294638464E9A02F049FF9B
:103B10008246BAF1000F17DB002413E040F2F720D1
:103B2000684307F1200101EB400005A951F824107A
:103B3000084404EB440106EB410102680A608088F6
:103B40008880641C4445E9DB00222946384602F19E
:103B50005EFA504645B0BDE8F08FFEB505460E460C
:103B600017461C460020029002A802233A4631461E
:103B7000CDE900042846FFF094F9BDF80800FEBD29
:103B8000FFB583B004460D4616460C9F06A80223D7
:103B900032462946CDE900072046FFF0BFF907B0BD
:103BA000F0BD2DE9FF4FADF6B43D81468A46DDF804
:103BB000ECBB0DF5BC60FFF717FE00230DF5BC62F2
:103BC0005146484601F10EFB804604A8FFF70CFE63
:103BD0000DF5BC6504ACCAEBCA0101EB4A11D9F87A
:103BE000040000EBC100B0F8BE001038CDF8B00BF7
:103BF000BBF1040F78DCDDF8E80B002874D10A2053
:103C00002080002060802071CAEBCA0202EB4A12B9
:103C1000D9F8041001EBC20191F8C800FFF732FE99
:103C20000746CAEBCA0101EB4A11D9F8040000EBC0
:103C3000C10080F8C870032000EB071060714FF4DA
:103C40000050E080CBF104000C2101EA800040F03C
:103C500023002072DDF8BC0BA4F80900DDF8C00BCE
:103C6000E072DDF8F00B01905A4604F10C00019966
:103C7000FCF74FFB44F6206304AA5146484602F085
:103C800096F88046B8F1000F3ADD2846FFF7ACFD04
:103C90002A4651464846DDF8F43B01F1A3FA804636
:103CA000B8F1000FF0DD687900F00F0003280ED1A5
:103CB000E8880321B1EB203F09D1B5F80900B4F839
:103CC0000910884203D1E87AE17A884218D0287A2C
:103CD00080280AD1E8680090514648460DF6BC326B
:103CE0000CCAFFF046F909E00BE0012000905146B4
:103CF00048460DF6BC320CCA02F0D0F84FF000086E
:103D000047E11FFA8BF600200290DDF8B00B8642E7
:103D100004DDDDF8B00B86B20120029006F10A0046
:103D20002080002060802071CAEBCA0202EB4A1298
:103D3000D9F8041001EBC20191F8C800FFF7A2FD09
:103D40000746CAEBCA0202EB4A12D9F8041001EB8B
:103D5000C20181F8C870032101EB071060714FF4B4
:103D60000050E080DDF8E80B10B13120207201E056
:103D700021202072DDF8BC0BA4F80900DDF8C00B8F
:103D8000E072DDF8E80B28B1DDF8C00B012801DD99
:103D90000120E072C4F80CB0DDF8F01B019132464E
:103DA00004F110000199FCF7B4FA01983044019035
:103DB000ABEB060B44F6206304AA5146484601F0DB
:103DC000F6FF8046B8F1000F9ADD0DF5BC60FFF7F5
:103DD0000BFD0DF5BC6251464846DDF8F43B01F1A0
:103DE00001FA8046B8F1000F8ADD687900F00F0013
:103DF00003287DD1E8880321B1EB203FF9D1B5F844
:103E00000900B4F809108842F3D1E87AE17A8842CF
:103E1000EFD1DDF8B00BC01DCDF8B00B0020039042
:103E20009AE004AC1FFA8BF6002002900120207269
:103E3000DDF8B00B864206DDDDF8B00B86B201205E
:103E4000029000202072029850B9072E08DA0A204A
:103E50002080C6F10700012101EB4000207201E043
:103E6000F01C2080002060802071CAEBCA0202EBA7
:103E70004A12D9F8041001EBC20191F8C800FFF70B
:103E800001FD0746CAEBCA0101EB4A11D9F804004B
:103E900000EBC10080F8C870032000EB07106071D0
:103EA0004FF40050E080217A039808442072324693
:103EB00004F109000199FCF72CFA019830440190B3
:103EC000ABEB060B44F6206304AA5146484601F0CA
:103ED0006EFF8046B8F1000F3ADD0DF5BC60FFF7CC
:103EE00083FC0DF5BC6251464846DDF8F43B00E02A
:103EF00037E001F177F98046B8F1000F28DD6879E5
:103F000000F00F00032809D1E8880321B1EB203F1E
:103F100004D1287A00F0E000202819D0287A8028DF
:103F200009D1E8680090514648460DF6BC320CCAEB
:103F3000FFF01FF808E001200090514648460DF6BA
:103F4000BC320CCA01F0AAFF4FF00008002002901A
:103F5000039880F010000390029800287FF461AF6E
:103F600017E0287A802809D1E86800905146484631
:103F70000DF6BC320CCAFEF0FCFF08E001200090F8
:103F8000514648460DF6BC320CCA01F087FF4FF08F
:103F9000000840460DF6C43DBDE8F08F2DE9FF4F07
:103FA000ADF6BC3D81468A469346DDF8F47B0DF2C2
:103FB000DC50FFF719FC00230DF2DC525146484655
:103FC00001F110F903A8FFF70FFC0DF2DC5503AC6B
:103FD00004202080002060802071CAEBCA0202EB1E
:103FE0004A12D9F8041001EBC20191F8C800FFF79A
:103FF00049FC02900298CAEBCA0202EB4A12D9F8B5
:10400000041001EBC20181F8C8000521029801EB00
:1040100000106071A07920F00700401CA071A07909
:1040200020F00800A071A07920F01000A071A07904
:104030006BF34710A071DDF8C80BE071DDF8F00BF1
:1040400020814FF00008DDF8F81BCDF8B41B0DF20D
:10405000E650CDF8B00B0120019044F6206303AA8E
:104060005146484601F0A3FECDF8B80BDDF8B80B79
:1040700000287CDD9BE00DF2DC50FFF7B5FB0DF274
:10408000DC5251464846DDF8FC3B01F1ABF8CDF877
:10409000B80BDDF8B80B00287EDD687900F00F0062
:1040A000052843D1A87900F0070002283ED1A8795D
:1040B000C0F30010C8BBA879BBEB501F36D1E9791B
:1040C000DDF8C80B814231D12888001F86B208EB89
:1040D00006001FFA80F8386840450CDB3246DDF8F0
:1040E000B01BDDF8B40BFCF714F9DDF8B40B304469
:1040F000CDF8B40B10E03888A8EB0000301A86B277
:1041000038881FFA80F8002E06DD3246DDF8B01B35
:10411000DDF8B40BFCF7FDF8A879C0F3C00040BB94
:1041200000200190C7F8008041E0FFE700200190E7
:10413000687900F00F00052821D1A87900F0070068
:1041400002281CD1A879C0F30010C0B12888001D36
:104150000DF2DC510844CDF8B00BDDF8B00BCDF812
:10416000AC0BDDF8AC0B03885146484602E022E078
:1041700012E01CE0DDF8F02BFFF0D5F808E001209C
:104180000023009051464846DDF8F02B01F086FEF2
:104190000020CDF8B80B0AE0002001900420002395
:1041A000009051464846DDF8F02B01F077FE01986B
:1041B00000287FF460AFDDF8B80B0DF6CC3DBDE80C
:1041C000F08F2DE9F05F82468846934699460D9D13
:1041D00047464CF25440504430F8290086B207F16B
:1041E0000E0420880C3028442080208940F40040B0
:1041F0002081B01EC41984F802B084F803900B9893
:10420000A0800C98E0800A9818B145F40040208105
:1042100000E0258106F10A01C8192A4659460E9B7D
:1042200002F0F3FB002106F10A002844395406F19C
:104230000A002844401C395406F10C0028444CF272
:104240005441514441F82900301FBDE8F09F00005F
:104250002DE9FF4F87B004461D46DDE91497002085
:104260000690059000BF04908046FEA0FEF074F911
:10427000C5EBC50101EB4511606800EBC10090F88A
:104280000461C5EBC50101EB4511606800EBC1009D
:104290008088029031E23146F7A0FEF05DF903E03C
:1042A00008F1010000F0FF08B8F1070F0BDAC5EBC9
:1042B000C50101EB4511606800EBC100713010F8D9
:1042C00008000328ECD14146EFA0FEF045F9C5EB0C
:1042D000C50101EB4511606800EBC100313000EB16
:1042E000C8000188C5EBC50202EB4512606800EB0F
:1042F000C200793000EB06100181C5EBC50101EB6E
:104300004511606800EBC100313000EBC800B0F827
:1043100002A0059850440590069800EBCA0006904C
:10432000C5EBC50101EB4511606800EBC100313000
:1043300000EBC8000088504480B203904BE008F1C5
:10434000010000F0FF0803E008F1010000F0FF08A1
:10435000B8F1070F0BDAC5EBC50101EB4511606839
:1043600000EBC100713010F808000328ECD1C5EB58
:10437000C50101EB4511606800EBC100313000EB75
:10438000C80001880398814200DD32E04146BEA0AA
:10439000FEF0E2F8C5EBC50101EB4511606800EBEA
:1043A000C100313000EBC800B0F802A005985044BD
:1043B0000590069800EBCA000690C5EBC50101EB1D
:1043C0004511606800EBC100313000EBC800008887
:1043D000504480B20390C5EBC50101EB4511606804
:1043E00000EBC100018B0698814202DDB8F1070F96
:1043F000A5DB00BFC5EBC50101EB4511606800EB13
:10440000C100C069002866D1D9F80010C5EBC5020B
:1044100002EB4512606800EBC200793000EB061039
:1044200001603978C5EBC50202EB4512606800EB0C
:10443000C200793000EB06108171C5EBC50101EBBC
:104440004511606800EBC100007E401E39780844C9
:1044500038703878072807DDD9F80000401CC9F803
:104460000000387808383870C5EBC50101EB4511FC
:10447000606800EBC100793000EB06100068D9F8E5
:104480000010081A00F1010BC5EBC50202EB451242
:10449000606800EBC200793000EB0610A0F804B0B1
:1044A0003978C5EBC50202EB4512606800EBC2002B
:1044B000793000EB0610C1713878401C38703878BC
:1044C000072864DDD9F80000401CC9F800003878DE
:1044D000083838705BE0387830B1D9F80000401CFB
:1044E000C9F8000000203870D9F80010C5EBC502EB
:1044F00002EB4512606800EBC200793000EB061059
:1045000001603978C5EBC50202EB4512606800EB2B
:10451000C200793000EB0610817107203870DDF899
:1045200014B0C5EBC50101EB4511606800EBC1009B
:10453000C1690498584481420ADAC5EBC50101EB10
:104540004511606800EBC100C1690498A1EB000B44
:10455000D9F800005844C9F80000C5EBC50202EBC9
:104560004512606800EBC200793000EB0610A0F83D
:1045700004B03978C5EBC50202EB4512606800EB68
:10458000C200793000EB0610C17100203870049829
:10459000584404900021C5EBC50202EB4512606847
:1045A00000EBC200793000EB061081720221C5EBEE
:1045B000C50202EB4512606800EBC200793000EBE7
:1045C0000610C1720121C5EBC50202EB45126068FD
:1045D00000EBC200793000EB0610017341F27071FC
:1045E000C5EBC50202EB4512606800EBC2007930F2
:1045F00000EB0610CDE90001310101F5C062102386
:1046000020680299FEF08AFC2169099800EB80027B
:1046100002EB401001EBC000408C401C81B22269CB
:10462000099800EB800303EB401002EBC0004184CB
:10463000C5EBC50101EB4511606800EBC100006AE4
:1046400078B9C5EBC50101EB4511606800EBC1000D
:10465000793000EB0610016808980144C5EBC502EB
:104660001AE048E020204F5554505554204D4150F9
:1046700050494E470D0A000020202020464D4D5540
:104680002025640D0A000000202020202020534D0A
:1046900025640D0A0000000002EB4512606800EB83
:1046A000C2000162C5EBC50101EB4511606800EB7A
:1046B000C100793000EB06108079C5EBC50202EB32
:1046C0004512616801EBC20181F82400C5EBC50108
:1046D00001EB4511606800EBC10090F82430C5EB98
:1046E000C50101EB4511606800EBC1002946026A73
:1046F00012A0FDF031FF701CC6B2B8F1070F10DA3E
:10470000C5EBC50202EB4512616801EBC201098BE2
:10471000C81DC11700EB5171CA1004998A423FF7B6
:10472000BAADC5EBC50101EB4511606800EBC100F6
:1047300080F804610BB0BDE8F08F0000202020203D
:10474000736C617665202564204F75747075747381
:104750002025702073746172746269742025640D61
:104760000A0000002DE9F04106460F46C7EBC701DD
:1047700001EB4711706800EBC104D4E90201FFF7B7
:104780005DF80546A4F8F650002D7CD005EBC50079
:104790005B4901EBC00090F83100E08205EBC500F9
:1047A0000A4602EBC00000F1080104F58670FBF038
:1047B0007CFC05EBC500524901EBC000408EE08453
:1047C00005EBC50001EBC000808E2083208B10B16B
:1047D000012084F8B900E08C10B1022084F8BA00FE
:1047E00005EBC500464901EBC00090F84410852058
:1047F000015505EBC500424901EBC00090F845109A
:1048000084F8951005EBC5003D4901EBC000C18E51
:1048100004F13100A4F8411005EBC500384901EB63
:10482000C000816BC4F84510208BE8B1B4F841009A
:10483000D0B94FF47060A4F83100218BC81DC117A6
:1048400000EB5171C91004F13102A4F833102D4965
:10485000C4F835100121852001550221842001551D
:10486000032084F871000AE0218BC81DC11700EBFA
:104870005171CA10A4F8432003217320015505EBA0
:10488000C5001F4900E038E001EBC000818F04F152
:104890003100A4F8491005EBC500194901EBC0002F
:1048A000016CC4F84D10E08CE0B1B4F84900C8B90F
:1048B0004FF4805104F13100A4F83910E18CC81D87
:1048C000C11700EB5171CA10A4F83B200021C4F8B5
:1048D0003D10012184F8951084F894100421722071
:1048E00001550AE0E18CC81DC11700EB5171CA10D7
:1048F000A4F84B200421742001552846BDE8F0811E
:104900006C671008440001002DE9F04F95B0044693
:10491000002011908046616881F8C90021690875FE
:1049200010904FF4FA6010A9CDE9001004234FF461
:10493000106200212068FFF747F8684602F09CF9F2
:10494000DDE90001CDE90501FE490598401A059011
:10495000FD490598A0FB013006995A1840F1000066
:104960004FF47A730021A2FB03CB00FB03B002FBE0
:104970000100CDE902C00125E2E2C5EBC50101EB72
:104980004511606800EBC10090F8CC00C5EBC50292
:1049900002EB4512616801EBC20181F8CD00C5EB65
:1049A000C50101EB4511606800EBC10090F8C9003A
:1049B00000287DD0606890F8C900B0B90120616816
:1049C00081F8C9006068A0F8E8500020C5EBC50276
:1049D00002EB4512616801EBC201A1F8EA00012077
:1049E000216908752069C58211E0C8EBC80101EB97
:1049F0004811606800EBC100A0F8E850C5EBC501A4
:104A000001EB4511606800EBC100A0F8EA800020CE
:104A10001190A846C5EBC50101EB4511606800EB9C
:104A2000C100808813904FF4FA6010A9CDE90010FE
:104A300004234FF4106220681399FEF032FA1098A4
:104A4000C5EBC50202EB4512616801EBC201C1F87A
:104A5000D4004FF4FA600CA9CDE90010082340F609
:104A6000181220681399FEF01CFA0022DDE90C01EF
:104A7000434262EB0101DDE902209A184141CDE990
:104A80000C214FF4FA600CA9CDE9001008234FF473
:104A9000126220681399FEF041FA4FF4FA6010A9EF
:104AA000CDE90010042340F604122068139900E0B9
:104AB000F5E1FEF0F6F91098C5EBC50202EB4512E0
:104AC000616801EBC201C1F8D8004FF4FA6010A987
:104AD000CDE90010042340F6081220681399FEF077
:104AE000E0F91098C5EBC50202EB4512616801EBD5
:104AF000C201C1F8DC004FF4FA6010A9CDE9001042
:104B0000042340F60C1220681399FEF0CAF910989D
:104B1000C5EBC50202EB4512616801EBC201C1F8A9
:104B2000E0000027C5EBC50101EB4511606800EB13
:104B3000C10090F8CC0000F0010080B100200BA96A
:104B4000C855C5EBC50101EB4511606800EBC1001C
:104B5000D0F8D40007A941F82700781C47B2C5EB6C
:104B6000C50101EB4511606800EBC10090F8CC0075
:104B700000F0080080B103200BA9C855C5EBC501A2
:104B800001EB4511606800EBC100D0F8E00007A917
:104B900041F82700781C47B2C5EBC50101EB451170
:104BA000606800EBC10090F8CC0000F0020080B11A
:104BB00001200BA9C855C5EBC50101EB4511606883
:104BC00000EBC100D0F8D80007A941F82700781CF5
:104BD00047B2C5EBC50101EB4511606800EBC100B0
:104BE00090F8CC0000F0040080B102200BA9C85559
:104BF000C5EBC50101EB4511606800EBC100D0F8C1
:104C0000DC0007A941F82700781C47B24FF00009E3
:104C1000012F07DD07A951F829100898884201DA09
:104C20004FF00109022F07DD07A951F82910099853
:104C3000884201DA4FF00209032F07DD07A951F876
:104C400029100A98884201DA4FF003090BA810F8DE
:104C50000990C5EBC50101EB4511606800EBC1008F
:104C600080F8D190C5EBC50101EB4511606800EB00
:104C7000C10090F8CD00012101FA09F18843C5EB8C
:104C8000C50202EB4512616801EBC20181F8CD005B
:104C90002E4600BF1296C6EBC60101EB46116068B6
:104CA00000EBC100B0F8CE6056B1C6EBC60101EB17
:104CB0004611606800EBC10090F8C9000028E9D0F7
:104CC000002E7CDD3146204600F1BEFBC5EBC5025F
:104CD00002EB4512616801EBC20181F8D000C6EB1E
:104CE000C60101EB4611606800EBC10090F8CB00F3
:104CF000012811D1C6EBC60101EB4611606800EB3B
:104D0000C10090F8D100C5EBC50202EB4512616805
:104D100001EBC20181F8D0004FF0000A00200F9093
:104D2000C5EBC50101EB4511606800EBC10090F8CF
:104D3000D0203146204600F1B9FB8346C5EBC501C2
:104D400004E0000080436D3840420F0001EB451144
:104D5000606800EBC10090F8D0203146204600F199
:104D6000DBFB024631460190204600F19FFBABEB96
:104D700000000E90C5EBC50101EB4511606800EB2A
:104D8000C10090F8CB00012824DDC5EBC50101EB83
:104D90004511606800EBC10090F8D12029462046FB
:104DA00000F1BAFB024629460190204600F17EFB45
:104DB0008346C5EBC50101EB4511606800E0BDE02D
:104DC00000EBC10090F8D1202946204600F16EFB8F
:104DD000ABEB000A0E98824501DDCAF1000A129879
:104DE000801B012823DDC5EBC50101EB451160687F
:104DF00000EBC10090F8D0203146204600F18CFB3A
:104E0000024631460190204600F150FB8346C6EB36
:104E1000C60101EB4611606800EBC10090F8D1209B
:104E20003146204600F142FBABEB00000F900F989B
:104E3000002802DA0F9840420F900E99A1EB0A0069
:104E400000EBD0714A100F990A44C6EBC60303EB7E
:104E50004613616801EBC301D1F8E4100A44C5EBC5
:104E6000C50303EB4513616801EBC301C1F8E420FE
:104E7000C5EBC50101EB4511606800EBC100D0F83E
:104E8000E40010904FF4FA6010A9CDE9001004235B
:104E900040F6281220681399FEF040F84EE00020FA
:104EA000C5EBC50202EB4512616801EBC201C1F816
:104EB000D400C5EBC50202EB4512616801EBC201EB
:104EC000C1F8D800C5EBC50202EB4512616801EBE1
:104ED000C201C1F8DC00C5EBC50202EB45126168F6
:104EE00001EBC201C1F8E000C5EBC50101EB4511C2
:104EF000606800EBC100B0F8CE60002E0BDDC6EBA1
:104F0000C60101EB4611606800EBC10090F8CB00D0
:104F1000022800DD1196119880B1C5EBC50101EBA7
:104F20004511606800EBC10090F8CB00012805D165
:104F30002046119900F188FA00201190681C85B272
:104F4000A0680068A842BFF618AD606890F8C90074
:104F500015B0BDE8F08F00007FB504460020039037
:104F600041F2707003A9CDE90010012340F2031251
:104F700000212068FEF728FD1120039041F2707097
:104F800003A9CDE9001001234FF49072002120689D
:104F9000FEF71AFD41F2707003A9CDE9001001235C
:104FA0004FF4907200212068FEF70EFD44F6206059
:104FB00002A9CDE900100223002211462068FEF765
:104FC000C6FC0546002D0DDD802D02DAA0680560C7
:104FD00008E0802229460448FDF0BEFA6FF0010087
:104FE00004B070BD2846FBE7D86E00082DE9FE43EB
:104FF00004460D4601260027C5EBC50101EB45110E
:10500000606800EBC10090F8FB0000283FD0C5EBC2
:10501000C50101EB4511606800EBC100B0F80480E8
:105020000220029000BF4FF4FA6002A9CDE90010FF
:1050300001234FF4A06241462068FDF06FFF064651
:10504000002E03DC38467F1C0328ECDB0020029096
:10505000002700BF4FF4FA6002A9CDE90010012338
:105060004FF4A06241462068FDF058FF0646002E2E
:1050700003DC38467F1C0328ECDB0020C5EBC502AF
:1050800002EB4512616801EBC20181F8FB0030467A
:10509000BDE8FE832DE9FE4304460D4601264FF090
:1050A0000008C5EBC50101EB4511606800EBC100CC
:1050B00090F8FB0040BBC5EBC50101EB45116068F2
:1050C00000EBC10087880120029000BF4FF4FA6016
:1050D00002A9CDE9001001234FF4A06239462068EF
:1050E000FDF01CFF0646002E04DC404608F10108D6
:1050F0000328EBDB0120C5EBC50202EB451261681A
:1051000001EBC20181F8FB003046BDE8FE8310B51B
:1051100001464CF688235B58581C102800DB002001
:10512000002204E0401C521C102800DB002001F586
:10513000BE4353F820300BB1102AF3DB012401F5F4
:10514000BE4343F820404CF68C235B5833B14CF6F9
:1051500090235B5803F5BE4343F820404CF6882368
:10516000585010BD70B504460D46002229462068EF
:1051700000F18CFF70BD00002DE9F04704460E469B
:1051800090469946012E7DDDA06800680028FADD72
:10519000012500E06D1CC5EBC50101EB4511606800
:1051A00000EBC1008068C6EBC60202EB46126168E4
:1051B00001EBC2018968884223D1C5EBC50101EB2F
:1051C0004511606800EBC100C068C6EBC60202EB87
:1051D0004612616801EBC201C968884211D1C5EB72
:1051E000C50101EB4511606800EBC1000069C6EB29
:1051F000C60202EB4612616801EBC20109698842EE
:1052000001D0B542C6DBB5425EDA002728E0C5EB27
:10521000C50101EB4511606800EBC100313000EBC6
:10522000C7004188C6EBC60202EB4612606800EB7D
:10523000C200313000EBC7004180C5EBC50101EB76
:105240004511606800EBC1007130C15DC6EBC6025C
:1052500002EB4612606800EBC2007130C1557F1C42
:10526000082FD4DBC5EBC50101EB4511606800EBED
:10527000C100008BC8F80000C5EBC50101EB45116A
:10528000606800E020E000EBC100C08CC9F80000BD
:10529000B8F80000C6EBC60202EB4612616801EBEB
:1052A000C2010883B9F80000C6EBC60202EB461241
:1052B000616801EBC201C8842A46314603A0FDF0B3
:1052C0004BF90120BDE8F0870020FBE7436F7079C0
:1052D000206D617070696E6720736C617665202542
:1052E000642066726F6D2025642E0D0A0000000098
:1052F0002DE9F04104460D46012D7CDDA0680068D3
:105300000028FADD012600E0761CC6EBC60101EBA1
:105310004611606800EBC1008068C5EBC50202EB76
:105320004512616801EBC2018968884223D1C6EB4E
:10533000C60101EB4611606800EBC100C068C5EB17
:10534000C50202EB4512616801EBC201C9688842DF
:1053500011D1C6EBC60101EB4611606800EBC1003C
:105360000069C5EBC50202EB4512616801EBC201A1
:105370000969884201D0AE42C6DBAE423BDAC6EBD9
:10538000C60101EB4611606800EBC10090F8FC001B
:10539000C5EBC50202EB4512616801EBC20181F861
:1053A000FC00C6EBC60101EB4611606800EBC100D2
:1053B00090F8FD00C5EBC50202EB4512616801EBF8
:1053C000C20181F8FD00C6EBC60101EB4611606821
:1053D00000EBC10090F8FE00C5EBC50202EB4512E0
:1053E000616801EBC20181F8FE00C6EBC60101EB6A
:1053F0004611606800E0F7E000EBC10090F8FF1094
:10540000C5EBC50202EB4512606800EBC20080F8F4
:10541000FF10C6EBC60101EB4611606800EBC1004E
:1054200090F80201002810DD0120C5EBC50202EB57
:105430004512616801EBC20181F80201606890F8D1
:105440000201401C616881F80201C6EBC60101EB54
:105450004611606800EBC100B0F80001C5EBC50261
:1054600002EB4512616801EBC201A1F80001C5EB36
:10547000C50101EB4511606800EBC100B0F8000107
:105480006168B1F80011084400B26168A1F8000138
:10549000C6EBC60303EB4613626802EBC30202F5D8
:1054A0008671C5EBC50303EB4513626802EBC302CB
:1054B00002F586702922FAF72CFF002742E0C6EB9E
:1054C000C60101EB4611606800EBC100313000EB12
:1054D000C7000188C5EBC50202EB4512606800EB0E
:1054E000C200313000EBC7000180C6EBC60101EB02
:1054F0004611606800EBC100313000EBC700418805
:10550000C5EBC50202EB4512606800EBC20031300A
:1055100000EBC7004180C6EBC60101EB4611606895
:1055200000EBC100313000EBC7004168C5EBC5029C
:1055300002EB4512606800EBC200313000EBC7009F
:1055400041607F1C082FBADBC6EBC60101EB461198
:10555000606800EBC10090F8B900C5EBC50202EB32
:105560004512616801EBC20181F8B900C6EBC601C2
:1055700001EB4611606800EBC10090F8BA00C5EB82
:10558000C50202EB4512616801EBC20181F8BA0065
:10559000C6EBC60101EB4611606800EBC10090F854
:1055A000BB00C5EBC50202EB4512616801EBC2010D
:1055B00081F8BB00C6EBC60101EB4611606800EB49
:1055C000C10090F8BC00C5EBC50202EB4512616852
:1055D00001EBC20181F8BC003246294603A0FCF071
:1055E000BBFF0120BDE8F0810020FBE7436F70792D
:1055F0002053494920736C617665202564206672CA
:105600006F6D2025642E0D0A00000000FEB50546D2
:105610000C4617465D4B02222146284600F191FEBA
:10562000C4EBC40101EB4411686830F83130C4EBBD
:10563000C40101EB441100EBC1008288214654A053
:10564000FCF08AFFC4EBC40101EB4411686800EB75
:10565000C100D0F8080150B1C4EBC40202EB4412FF
:10566000686800EBC200D0F8081120468847C4EBF8
:10567000C40101EB4411686800EBC100B0F8F6000A
:10568000002869D102900190C4EBC40101EB4411E0
:10569000686800EBC10090F8C60000F0040010B389
:1056A0000026C4EBC40101EB4411686800EBC100A3
:1056B00090F8FC0000F0200040B102A801AB3A468F
:1056C00021460090284600F10BFA064636B902AB97
:1056D00001AA2146284600F121F9064636A0DDE957
:1056E0000112FCF039FF0298A8BB019898BBC4EBEB
:1056F000C40101EB4411686800EBC10090F8C600DA
:1057000000F0100038B302AB01AA21462846FFF092
:10571000C7FF06460199C81DC11700EB5171C1F3BF
:10572000CF02C4EBC40303EB4413696801EBC3016C
:10573000A1F843200299C81DC11700EB5171C1F3B4
:10574000CF02C4EBC40303EB4413696801EBC3014C
:10575000A1F84B2001E005E016E01EA0DDE90112F2
:10576000FCF0FAFE0198C4EBC40202EB4412696833
:1057700001EBC20108830298C4EBC40202EB44129D
:10578000696801EBC201C8840120FEBD80841E004F
:10579000203E536C6176652025642C20636F6E6615
:1057A00069676164722025782C20737461746520A8
:1057B00025322E32780D0A002020436F45204F738A
:1057C000697A653A2564204973697A653A25640DDA
:1057D0000A0000002020536F45204F73697A653A14
:1057E0002564204973697A653A25640D0A00000032
:1057F00070B5ADF5426D05460E46C6EBC60101EB30
:105800004611686800EBC100008BCDF8180CC6EBA0
:10581000C60101EB4611686800EBC100C08CCDF8F1
:105820001C0CDDF81C0C48B9DDF8180C30B90DF66D
:105830001C431A1F31462846FFF79EFCDDF81C0C5E
:1058400000287CD1DDF8180C0028FAD140F6184168
:105850006846FAF01FFC00236A463146284600F0ED
:10586000D1FDCDF81C0C51A0DDF81C1CFCF074FE21
:1058700000242CE00DF6064030F81400002825DD49
:105880000DF6064131F81410C81DC11700EB517117
:10589000C910C6EBC60303EB46136A6802EBC302EA
:1058A000313202EBC40251800421C6EBC60202EB86
:1058B0004612686800EBC200713001550DF60640D3
:1058C00030F8142021463EA0FCF046FE641C082C53
:1058D000D0DB01236A463146284600F093FDCDF81F
:1058E000180C3DA0DDF8181CFCF036FE00242EE05C
:1058F0000DF6064030F81400002827DD0DF60641AD
:1059000031F81410C81DC11700EB5171C910C6EB56
:10591000C60303EB46136A6802EBC302313202EBA3
:10592000C40251800321C6EBC60202EB461268682E
:1059300000EBC200713001550DF6064000E008E0B2
:1059400030F8142021461EA0FCF006FE641C082C32
:10595000CEDBDDF8180CC6EBC60202EB4612696816
:1059600001EBC2010883DDF81C0CC6EBC60202EB9A
:105970004612696801EBC201C884C6EBC60202EB9D
:105980004612686800EBC200038BC6EBC60202EB4E
:105990004612686800EBC200C18C14A0DDF81C2C14
:1059A000FCF0DAFD01200DF5426D70BD2020534959
:1059B00049204973697A653A25640D0A00000000A0
:1059C00020202020534D2564206C656E677468206C
:1059D00025640D0A000000002020534949204F7320
:1059E000697A653A25640D0A000000002020202015
:1059F000204953495A453A2564202564204F53498C
:105A00005A453A25640D0A002DE9FC4104460D462D
:105A1000C5EBC50101EB4511606800EBC10087884B
:105A2000A1A0FCF099FDC5EBC50101EB4511606833
:105A300000EBC100B0F8BE0000283BD1C5EBC501AA
:105A400001EB4511606800EBC100B0F8310068B3AC
:105A500041F27071C5EBC50202EB4512606800EBC4
:105A6000C2003130CDE9000108231A02394620680E
:105A7000FDF054FAC5EBC50C0CEB451C606800EB5F
:105A8000CC00D0F83530C5EBC50C0CEB451C60687C
:105A900000EBCC00B0F83120C5EBC50C0CEB451C7D
:105AA000606800EBCC0090F8711000E002E083A089
:105AB000FCF052FDC5EBC50101EB4511606800EB40
:105AC000C100B0F8BE0000283AD1C5EBC50101EB1A
:105AD0004511606800EBC100B0F8390080B341F2B5
:105AE0007071C5EBC50202EB4512606800EBC200A5
:105AF0003930CDE90001082340F608023946206814
:105B0000FDF00CFAC5EBC50C0CEB451C606800EB16
:105B1000CC00D0F83D30C5EBC50C0CEB451C6068E3
:105B200000EBCC00B0F83920C5EBC50C0CEB451CE4
:105B3000606800EBCC0090F872106CA0FCF00CFDDB
:105B400002266DE0C5EBC50101EB4511606800EB75
:105B5000C100313000EBC600008800285FD0C5EBE3
:105B6000C50101EB4511606800EBC100313000EB6D
:105B7000C6004088B8B9C5EBC50101EB45116068A6
:105B800000EBC100313000EBC600406820F48031EA
:105B9000C5EBC50202EB4512606800EBC200313074
:105BA00000EBC600416041F27071C5EBC50202EB2B
:105BB0004512606800EBC200313000EBC600CDE951
:105BC00000014FF4006101EBC6018AB20823394697
:105BD0002068FDF0A3F9C5EBC50101EB4511606834
:105BE00000EBC100313000EBC60040680090C5EB0F
:105BF000C50101EB4511606800EBC100313000EBDD
:105C0000C6000388C5EBC50101EB4511606800EBD8
:105C1000C1007130825D314640A0FCF09DFC761CD5
:105C2000082E8FDBC5EBC50101EB4511606800EB69
:105C3000C100C08C072814DDC5EBC50202EB45127C
:105C4000616801EBC201C98CC81DC11700EB51711D
:105C5000C910C5EBC50303EB4513626802EBC30231
:105C60009162C5EBC50101EB4511606800EBC10015
:105C7000008B072814DDC5EBC50202EB45126168F5
:105C800001EBC201098BC81DC11700EB5171C9108E
:105C9000C5EBC50303EB4513626802EBC302D16198
:105CA0000120BDE8FC8100002020534D2070726F60
:105CB0006772616D6D696E670D0A000020202020FB
:105CC000534D3020547970653A25642053746172C5
:105CD00074416464723A25342E347820466C6167CE
:105CE000733A25382E38780D0A0000002020202035
:105CF000534D3120547970653A2564205374617294
:105D000074416464723A25342E347820466C61679D
:105D1000733A25382E38780D0A0000002020202004
:105D2000534D256420547970653A2564205374617D
:105D30007274416464723A25342E347820466C6162
:105D400067733A25382E38780D0A00002DE9F047A0
:105D500088B007460C4615461E46DDE910A8DDF85A
:105D60004890182102A8FAF095F9684600F084FFDF
:105D7000DDE90001CDE90201ADF812400020ADF8E7
:105D800014008DF8160001208DF81700ADF818509A
:105D90008DF81A608DF81BA0ADF81C80ADF81E9030
:105DA00002A93846FFF01CFC08B0BDE8F0872DE9D9
:105DB000FC5F04460D46174698464FF0000AC5EBB7
:105DC000C50101EB4511606800EBC100B0F804B0FB
:105DD000C5EBC50101EB4511606800EBC100B0F8EF
:105DE000BE60002E20DD40F2CE5086421CDC4246D2
:105DF00029462046FFF08BF9A0B1C5EBC50101EBA8
:105E00004511606800EBC100B0F8C09041F27070BD
:105E1000CDE9007033464A4659462068FDF07EF8C9
:105E2000824601E04FF0000A5046BDE8FC9F0000AA
:105E30002DE9F04104460D4640F2F720684346F252
:105E40007451214401EB40071249488800F067FF74
:105E50003881002229462046FFF0D6FA80464CF6CB
:105E60008C20005998B14CF294402718204400F13E
:105E70000E06F5700849488800F051FF388102216C
:105E80004CF69020005900F5BE4040F825104046E1
:105E9000BDE8F081886E00088E6E00082DE9F041A3
:105EA00088B004460D4616461F46DDF83880182196
:105EB00002A8FAF0EFF8684600F0DEFEDDE9000126
:105EC000CDE90201ADF81250ADF814608DF81670EE
:105ED0000120E16A087003208DF81700ADF81880E2
:105EE00002A92046FFF07CFB08B0BDE8F08100006D
:105EF0002DE9F74F88B08246002702200590002048
:105F000007903D4807A905AA0023CDE90032CDE955
:105F100002105046DDE90912FDF054F88346BDF841
:105F20001C000790BBF1000F61DDBDF81C000028CC
:105F30005DDDBDF81C8000BF012456E00220059005
:105F4000002007902C4807A905AA0023CDE90032BC
:105F5000CDE90210E3B25046DDE90912FDF032F856
:105F60008346BDF81C60002E3DDD01200590002019
:105F70000690214806A905AA0023CDE90032CDE903
:105F80000210324650460999FDF01CF883469DF8F0
:105F90001890012525E00420059000200490164863
:105FA00004A905AA0023CDE90032CDE90210EBB225
:105FB000324650460999FDF005F88346049804904E
:105FC0000498C0B2FF2803DA0498C0B2074406E080
:105FD00002200590FF200790BDF81C000744681CB4
:105FE00085B24D45D7DD601C84B24445A6DD3846F8
:105FF0000BB0BDE8F08F000060AE0A002DE9F04361
:1060000085B004460E4617464FF00009314620463B
:10601000FEF7ECFFC6EBC60101EB4611606800EB32
:10602000C100B0F8048044F6206304AA414620462B
:10603000FEF0EAFC88B3BDF8100000F4F04070B147
:106040000020049041F2707004A9CDE900100223F1
:1060500040F2025241462068FCF060FF05464FF4D2
:106060008070ADF80800ADF80A700020ADF80C00A3
:1060700000BF4FF4FA6002A9CDE90010062340F2F8
:10608000025241462068FCF049FF0546002D04DC21
:10609000484609F101090328EBDB05B0BDE8F083B0
:1060A0002DE9F74F84B004468A464FF000080020DF
:1060B0000290834681460AEB8A0101EB4A1120696E
:1060C00000EBC100007D08B14FF001092046FFF050
:1060D00076FA0646ACE0A06A801C855DA26A921C36
:1060E000915D2068069A00F197F90746002F60DB62
:1060F0002068203040F2F721694300EB41008078AE
:106100000A2809D02068203040F2F721694300EBCB
:10611000410080780C284DD1B9F1000F32D02368AE
:10612000203340F2F72C05FB0CFC03EB4C0303F18E
:106130000C01A36A143353F82600628EFAF7E9F8CB
:106140002068203040F2F721694300EB4101608E66
:106150000C30084400880290BDF808802068203088
:1061600040F2F721694300EB4100218E08440168A9
:10617000009140680190DDE90001626B03C24FF0BD
:10618000000914E0A36A543333F81620236820333F
:1061900040F2F72C05FB0CFC03EB4C0303F10C0164
:1061A000A36A143353F82600FAF7B3F8B8444FF053
:1061B000010B34E02068203040F2F721694300EB06
:1061C000410080780B282AD1B9F1000F23D0206834
:1061D000203040F2F721694300EB4101608E0C3022
:1061E000084400880290BDF808004FEA4008206883
:1061F000203040F2F721694300EB4100218E084432
:106200000168009140680190DDE90001626B03C202
:106210004FF0000901E008EB47084FF0010B0022A6
:1062200029462068FFF0F3FE2046FFF0C8F9064635
:10623000002EBFF650AF2046FDF0A5F8BBF1000FD1
:1062400004D14FF0FF3007B0BDE8F08F4046FAE7C9
:106250002DE9F04104460F460FB9264602E04CF600
:106260009020065940F2EE584146F068FCF0DEFC02
:10627000054646F270500551002D02DD0120BDE8B3
:10628000F0810020FBE770B504460D460022294648
:106290002046FEF0C3FC70BD10B594B0044640210A
:1062A00002A8F9F0F7FE0020139041F2707013A9D4
:1062B000CDE90010012340F2011200212068FDF712
:1062C00083FB0420129041F2707012A9CDE90010F6
:1062D00002231A0200212068FDF776FB41F270705C
:1062E00002A9CDE9001008234FF440720021206874
:1062F000FDF76AFB41F2707002A9CDE9001030236E
:106300005A0100212068FDF75FFB41F2707002A97D
:10631000CDE9001020239A0100212068FDF754FBED
:106320000020139041F2707013A9CDE900100123F1
:1063300040F6811200212068FDF746FB41F27070A3
:1063400002A9CDE9001004234FF411620021206856
:10635000FDF73AFB4FF48050129041F2707012A991
:10636000CDE9001002234FF4136200212068FDF7ED
:106370002BFB4FF44060129041F2707012A9CDE9EE
:106380000010022340F6341200212068FDF71CFBA8
:106390000020139041F2707013A9CDE90010012381
:1063A00040F2031200212068FDF70EFB112013902C
:1063B00041F2707013A9CDE9001001234FF49072DF
:1063C00000212068FDF700FB0220139041F270705D
:1063D00013A9CDE9001001234FF4A0620021206829
:1063E000FDF7F2FA0020139041F2707013A9CDE985
:1063F000001001234FF4A06200212068FDF7E4FAA9
:1064000014B010BD2DE9FE4F81468A4614469846C9
:10641000CAEBCA0101EB4A11D9F8040000EBC10034
:1064200090F8FB00009000200190A0806080002187
:106430002181002606E0002104F6064020F816100F
:10644000701C86B2082EF6DBB8F1010F01DD4FF0AB
:10645000010808F1320251464846FFF014FF20803F
:10646000208800287EDD25882A46691C8DB2514689
:10647000484600F0A8F983462A46691C8DB2514669
:10648000484600F0A0F90BEB00201FFA80FBA4F8AF
:1064900002B0012600BFA088401CA0802A46691CCB
:1064A0008DB25146484600F08EF9A288A11D21F810
:1064B00012002A46691C8DB25146484600F083F905
:1064C000A288A11D31F8121001EB002081B2A01D9D
:1064D00020F812100021A28804F6060020F81210FD
:1064E000701C86B22A46691C8DB25146484600F09F
:1064F0006AF907462A46691C8DB25146484600F0A3
:1065000062F9A28804F2064121F81200281D85B222
:10651000B01C86B2A18804F2064030F811000828A9
:1065200047DA012002901BE0301D86B2681D85B25B
:106530002A46691C8DB25146484600F044F9A288AB
:1065400004F6060131F81210084481B204F6060080
:1065500020F81210A81C85B20298401C80B202904C
:10656000029800E038E0B842DEDDA18804F206407F
:1065700030F8111004F6064030F81110A28804F625
:10658000060030F81200084481B204F2064030F8E8
:10659000122004F6064020F81210A18804F6060026
:1065A00030F811100198084480B20190701C86B236
:1065B00009E0042000FB076086B2082000FB0750BA
:1065C00085B2701C86B2A088B0F5FF7F00DD6688BA
:1065D0006088B0423FF75FAF009818B15146484617
:1065E000FEF758FD0198BDE8FE8F2DE9F0470746FC
:1065F00088461446C8EBC80101EB4811786800EBE7
:10660000C10090F8FB900020A07029224146384636
:10661000FFF039FE2080208800285FDD25882A468B
:10662000691C8DB24146384600F0CDF806462A4630
:10663000691C8DB24146384600F0C5F806EB0020D3
:1066400086B23046F11706EB9171C1F38701A17054
:106650002A46691C8DB24146384600F0B4F8A08045
:106660002A46691C8DB24146384600F0ACF8A18834
:1066700001EB0020A0802A46691C8DB241463846B5
:1066800000F0A1F8E0802A46691C8DB241463846E8
:1066900000F099F8E18801EB0020E0802A46691CAF
:1066A0008DB24146384600F08EF820722A46691CA9
:1066B0008DB24146384600F086F860722A46691C61
:1066C0008DB24146384600F07EF8A0722A46691C19
:1066D0008DB24146384600F076F8E072B9F1000F0D
:1066E00003D041463846FEF7D5FCA078BDE8F087D8
:1066F0002DE9F0470746884614461E464FF000092C
:10670000C8EBC80101EB4811786800EBC10090F8B4
:10671000FBA0A078B0424CDD2088801C00EBC600B6
:1067200085B22A46691C8DB24146384600F04BF8C6
:10673000A0802A46691C8DB24146384600F043F8D5
:10674000A18801EB0020A0802A46691C8DB2414639
:10675000384600F038F8E0802A46691C8DB2414680
:10676000384600F030F8E18801EB0020E0802A464E
:10677000691C8DB24146384600F025F820722A4641
:10678000691C8DB24146384600F01DF860722A46F9
:10679000691C8DB24146384600F015F8A0722A46B1
:1067A000691C8DB24146384600F00DF8E0724FF09A
:1067B0000109BAF1000F03D041463846FEF76AFCE2
:1067C0004846BDE8F0872DE9F04F85B0044688467D
:1067D0001546FF200090208C404506D04FF40071F4
:1067E000E069F9F057FCA4F82080B5F5805F6ADA1B
:1067F0006E11A5EB46101FFA80F9E06950F82600EB
:10680000012101FA09F1084018B1A069405D00902A
:1068100059E0C8EBC80101EB4811606800EBC1000A
:106820008088049041462046FEF7E0FB6F1044F656
:1068300020633A4620460499FFF051FACDE902015F
:10684000C8EBC80101EB4811606800EBC10090F88B
:10685000FA0048B1A06900EB470002990160039972
:1068600041600820019008E0DDF808A0A06900EB75
:106870004700C0F800A0042001903E117800A0EB72
:1068800046101FFA80F94FF0000B16E0E06950F84F
:106890002600012101FA09F10843E16941F82600C7
:1068A00009F101001FFA80F9B9F11F0F03DD4FF064
:1068B0000009701C86B20BF1010B01988345E5DBE2
:1068C000A069405D0090009805B0BDE8F08F2DE90B
:1068D000FF4F83B00C4692461E4603984068CAEBB1
:1068E000CA0101EB4A1100EBC10090F8FB000090D7
:1068F000A1460A2251460398FFF0C5FC80B20290DF
:106900000298002844DD0298801C85B22A46691C42
:106910008DB251460398FFF756FF019001988642C9
:1069200032DC01272AE02A46691C8DB251460398C1
:10693000FFF749FF8046B74203DA05EB080085B24E
:106940001AE0A1464FF0010B14E0BBF1280F0BDC5D
:106950002A46691C8DB251460398FFF734FF89F827
:10696000000009F1010901E0681C85B20BF101008A
:106970001FFA80FBC345E8DD781C87B2B742D2DD41
:10698000002089F8000003E0A146002089F80000FB
:10699000009818B151460398FEF77CFB07B0BDE89C
:1069A000F08F2DE9FF4106460F4614464FF0FF35A4
:1069B000214602A8FFF032FE00BF39463046FFF7FD
:1069C00037FAB4F5FA6F01DA204601E04FF4FA60C5
:1069D00001466846FFF022FE39463046DDE90023D5
:1069E000FFF034FD0546002D04DA02A800F05DF941
:1069F0000028E2D0002D04DA002239463046FFF0AC
:106A000006FB284604B0BDE8F0812DE9F0410746B9
:106A10000D4614461E46002C1BDD042D0BD003DC56
:106A20003DB1012D0ED105E0072D05D00A2D09D16C
:106A300003E000BF00BF00BF00BF21463846F9F0A9
:106A400029FB05E0224631463846F9F762FC00BFD3
:106A500000BFBDE8F081FEB504460D46ADB9C5EBFB
:106A6000C50101EB4511606830F83100029041F238
:106A7000707002A9CDE9001002234FF4907200213A
:106A80002068FCF7A1FF064618E0C5EBC50101EB45
:106A90004511606800EBC100878841F2707000907A
:106AA000C5EBC50202EB4512616831F832304FF494
:106AB000907239462068FDF763F806463046FEBD01
:106AC000FBF7FCFCF9F751FDFAF000FCFBF098FB3A
:106AD000FBF022FDFBF03AFAFBF702FEFBF738FD74
:106AE000FBF798FDFBF0A6FAFBF7D0FDFBF716FECF
:106AF00062B62348FBF08BF84FF4FA60FAF082F8A4
:106B00004FF0FF35F9F776FE0546002D05DA2946E8
:106B10001CA0FBF021FD00BFFEE722A0FBF01CFD46
:106B2000F9F022FC0546002D05DA294624A0FBF0E9
:106B300013FD00BFFEE729A0FBF00EFD2EA0FBF029
:106B40000BFD1CE00A2031490860002409E03048B0
:106B500050F82400D0F80220611C2EA0FBF0FCFCB1
:106B6000641C364800688442F1DB35A0FBF0F4FC7D
:106B700034A0FBF0F1FC4FF47A70FAF043F8E1E74F
:106B8000400100244543415420496E697420466108
:106B9000696C65642120726574203D2025640D0AAE
:106BA000000000004543415420496E69742053752C
:106BB000636365737366756C6C79210D0A00000060
:106BC000536572766F204F6E204661696C65642153
:106BD00020726574203D2025640D0A00536572768D
:106BE0006F204F6E205375636365737366756C6CAD
:106BF00079210D0A00000000417869732069732033
:106C000072756E6E696E670D0A00000094000024B4
:106C100010F0012474686520256420736572766F16
:106C20002063757272656E7420706F736974696F1A
:106C30006E2069732025640D0A000000880000247E
:106C40000D0A00002D2D2D2D2D2D2D2D2D2D2D2D11
:106C50002D2D2D2D2D2D2D2D2D2D2D2D2D2D2D2D64
:106C60002D2D2D2D2D2D2D2D2D2D2D2D2D2D2D2D54
:106C70002D2D2D2D0D0A00007CB50446FAF73AF8AB
:106C80000546F9F0BBFF0646FAF734F8A84205D0EE
:106C9000FAF730F80546F9F0B1FF0646019600957F
:106CA000DDE90001C4E900017CBD30B589B00446CE
:106CB00001A8FFF7E1FFDDE90101CDE90701079830
:106CC00005900898069020680390606804900399E6
:106CD0000598884207D104990698884201D201207C
:106CE00008E0002006E003990598884201D20120BF
:106CF00000E00020054615B9012009B030BD002094
:106D0000FBE71CB5044621466846FFF087FC00BF40
:106D10006846FFF7CAFF0028FAD001201CBD0146D3
:106D20000A06120C42EA112070470000FFB583B03A
:106D300004460D4617460E4806A904220023CDE955
:106D4000002102903A4629462046FBF0DBFF06462A
:106D50002EB92A46214607A0FBF0FEFB05E02A4695
:106D600021460E48069BFBF0F7FB304607B0F0BD0E
:106D7000809FD500736C617665496E6465782025C7
:106D8000642077726974652053444F3332206572F2
:106D9000726F722C20307825780D0A002C6E100846
:106DA000FFB583B004460D4617460F4806A90122D9
:106DB0000023CDE9002102903A4629462046FBF007
:106DC000A1FF06462EB92A46214608A0FBF0C4FBC7
:106DD00006E09DF818302A4621460E48FBF0BCFB21
:106DE000304607B0F0BD000060AE0A00736C6176FB
:106DF00065496E6465782025642077726974652022
:106E000053444F38206572726F722C203078257889
:106E10000D0A0000B46E1008010002000400060014
:106E200008000A000C001000200040008000000153
:106E3000010002000400060008000A000C00100017
:106E40002000400080000001000000000102030457
:106E500001020304060708090100020004000600FD
:106E600008000A000C001000200040008000000113
:106E7000010002000400060008000A000C001000D7
:106E80002000400080000001010101010101040413
:106E900004040404536C61766520256420686173E2
:106EA000206E6F2070726F706572206D61696C6208
:106EB0006F78206F757420636F6E66696775726195
:106EC00074696F6E2C207472792064656661756CCC
:106ED000742E0D0A000000004572726F723A207421
:106EE0006F6F206D616E7920736C61766573206FB2
:106EF0006E206E6574776F726B3A206E756D5F737E
:106F00006C617665733D25642C2045435F4D415887
:106F1000534C4156453D25640D0A00003C6F000866
:106F200000000024A4000000E8350008E06F00081D
:106F3000A4000024EC210200F83500080000000045
:106F40000000000000000000000000001000000031
:106F5000010000000090D0030090D003000000006A
:106F60000000000000000000000000000000000021
:106F7000000000008CBF00249002002420000024A8
:106F800080000000909E002402000000E0A0002489
:106F9000E0B0002400000000E0B20024FCB80024AF
:106FA0002C000024000000003000002470B90024F0
:106FB0007AB900247CBB00247EBF00242400002476
:106FC00000000000000000000000000000000000C1
:106FD0000000000055AA00000000000000000000B2
:020000040810E2
:100000000648804706480047FEE7FEE7FEE7FEE7B2
:10001000FEE7FEE7FEE7FEE7FEE7FEE7F122100857
:10002000990200082DE9F0410024061B254671F1D4
:10003000000605DA01240027D0EB070067EB010179
:10004000161E73F1000605DA0027D2EB0702012520
:1000500067EB030300F72CF986460E4617469C46CD
:10006000AC4204D00025D0EB050E65EB010624B1AF
:100070000020D2EB000760EB030C704631463A4695
:100080006346BDE8F081D2B201E000F8012B491EC1
:10009000FBD270470022F6E710B513460A46044625
:1000A0001946FFF7F0FF204610BD034611F8012B5B
:1000B00000F8012B002AF9D11846704730B50B46DD
:1000C000014600202022012409E021FA02F59D4288
:1000D00005D303FA02F5491B04FA02F52844151E5C
:1000E000A2F10102F1DC30BD2DE9FE4F804681EA2C
:1000F0000300C00F0C46009021F0004123F00045A2
:10010000B8EB0200A94105D24046214690461C4664
:100110000B46024623F00040104347D0270DC7F39B
:100120000A00C3F30A510290401A019040286BDA8A
:10013000C3F3130040F4801B0098924620B10023C3
:10014000D2EB030A63EB0B0B01985946C0F1400256
:10015000504600F7F0F806460D4650465946019ABB
:1001600000F0F0F810EB08006141002487EA11521A
:1001700084EAE7731A4340D0009A62B3019A012AD5
:100180004FEA075215DC001B61EB02014FF0004201
:1001900002EA0752CDE90042001C41F580113246C7
:1001A0002B4600F792F903B0BDE8F08F4046214698
:1001B000F9E7001B61EB0201001C41F580130018F8
:1001C0005B412018A2F5001747EB030140EAD57008
:1001D000B6196D4111E06D084FEA360645EAC07563
:1001E0004FEA0752001B61EB0201001C41F5801130
:1001F00049084FEA30000019514132462B4603B0FE
:10020000BDE8F04F00F752B90098012240000023EA
:10021000D0EB020263EBE073009821464FEAE074F2
:10022000B8EB000061EB0401E9E783F000435BE712
:1002300081F0004158E72DE9F04D81EA030404F014
:10024000004B21F0004514464FF0000A23F0004116
:1002500050EA050220D054EA01021DD0C5F30A5726
:100260000246C5F31303C1F31300C1F30A5640F469
:10027000801543F48013A7EB0608101BD64608F23E
:10028000FD3873EB050002D308F1010801E0921874
:100290005B41B8F1000F03DA00200146BDE8F08DA4
:1002A00000204FF48011064684460EE0171B73EBC6
:1002B000050705D3121B63EB050306434CEA010C4B
:1002C00049084FEA300092185B4150EA0107EDD12E
:1002D00052EA030012D082EA040083EA05010843CF
:1002E00005D0101BAB4106D20122002306E00022FC
:1002F0004FF0004302E06FF0010253101AEB0600CA
:100300004CEB085110EB0A0041EB0B01BDE8F04D3E
:1003100000F7CCB830B5041E71F1000404DB4FF0D7
:100320000044404264EB0101141E73F1000405DB3C
:100330001C464FF00043524263EB0403994208BF4E
:10034000904230BD202A06DBCB17203A41FA02F05A
:1003500043EAE07306E041FA02F3D040C2F1200222
:1003600091400843194670472DE9F04100250126C8
:100370006F1E4FF0FF3800242AE0012600250CE014
:10038000284600F04DF88046B8F1010F04D04FF038
:10039000FF360020154908706D1C1548006885421D
:1003A000EEDB012E0CD10120104908700022022141
:1003B000104801F7B1F821460FA002F0CDF80AE08D
:1003C00002210C4800F078FF641C322000F01AFC77
:1003D000B4F57A7FD1DB00BFB4F57A7F02DB4FF052
:1003E000FF3700E001273846BDE8F0818D0000248A
:1003F0008800002400100258416C6C204158495379
:10040000207365727665206F6E2073756363657304
:10041000732120436F756E74203D2025640D0A0002
:100420002DE9F041044600272D4850F82400D0F86B
:1004300002002C4941F82400084650F824002A49BB
:1004400051F82410C1F80200254850F8240005880E
:10045000284600F722FC064605F0080080B18020FF
:10046000214951F8241008801F4850F824000288C0
:100470002B4621461DA002F06FF80020BDE8F08158
:10048000082E1AD2DFE806F004050B11171A1B1C00
:1004900000BF0620144951F82410088013E00720FB
:1004A000114951F8241008800DE00F200E4951F831
:1004B0002410088007E0012705E000BF00BF00BF4F
:1004C0004FF0FF3700BF00BF074850F824000288F4
:1004D0002B46214605A002F03FF83846CEE7000043
:1004E00010F001249001022490EF01242564205390
:1004F0006C61766520436F6E74726F6C576F7264B7
:100500002030782530347820537461747573576FB8
:100510007264203078253034780D0A00704710B5A9
:10052000A2B0044601208DF83300002012908DF80F
:1005300041008DF8430001208DF828008DF8560009
:100540008DF8320000208DF84C0001208DF88400D9
:1005500040030F9000208DF85C0018908DF8850006
:100560008DF886004FF4C360169000208DF830009F
:100570000B9001208DF8350000208DF836008DF8A5
:1005800040001D901B9014908DF864008DF87A0047
:1005900001208DF842002020209001208DF8440099
:1005A00000208DF855004FF0405009904FF48040E6
:1005B0000E9000208DF8310002201F9000208DF851
:1005C00078008DF879008DF8540001208DF8340002
:1005D00000201A9001208DF8700009A9204600F033
:1005E000BDF901208DF804000290002000908DF8E4
:1005F0001C008DF80D008DF80C004FF400100690D3
:1006000000208DF814004FF40010049000208DF8A5
:100610001D004FF4067008906946204600F748F820
:1006200022B010BD2DE9F04706460B46914606F173
:1006300018052A69D5F810C0002755F822109C68C3
:10064000C86800F00040B0F1004F02D10220BDE8C0
:10065000F087187800F00400C8B3C8686FF30F0083
:10066000D3F824A040EA0A00C860C86840F480308B
:10067000C8603068006E40F48010D6F800A0CAF858
:100680006000187800F0080008B3B3F82CA0886860
:100690006AF31F408860C86840F40030C860C868CA
:1006A00020F44020D3F830A040EA0A00C860306847
:1006B000406E40F48010D6F800A0CAF8640030689C
:1006C000006D40F08060D6F800A0CAF8500018789D
:1006D00000F0100058B188686FF30D00D3F818A02F
:1006E00040EA0A008860C86840F08060C8601878F6
:1006F00000F0040018B9187800F01000F0B1C868D4
:1007000040F08040C860C86840F00040C86000BF4A
:10071000521C042A00D3121F00BF55F822107F1C60
:10072000C86800F00040B0F1004F07D155F82C1018
:10073000C86820F00040C860022088E77F1C20685D
:10074000086088686FF30D00D4F804A040EA0A003E
:100750008860A06868B1A468206848608868DFF88D
:10076000F8A100EA0A00B4F804A040EA0A40886050
:1007700007E0002048608868DFF8DCA100EA0A0092
:100780008860187800F01000A0B1C86820F4F0006C
:10079000B3F820A040EACA40C860C8686FF31100EF
:1007A000D3F81CA040EA0A00C860C86840F4802062
:1007B000C8601FE0C8686FF30E00D3F804A040EAD9
:1007C0000A00C860187800F0010038B1C86820F449
:1007D0004030D3F814A040EA0A00C860187800F04E
:1007E000200038B1C86820F04060D3F810A040EA7B
:1007F0000A00C860187800F0040038B1886820F456
:100800004040D3F828A040EA0A008860C86840F059
:100810000050C860C86820F08040C860C86840F0D8
:100820000040C860187800F0020038B1C86820F0B5
:100830006070D3F80CA040EA0A00C86076E000BF00
:10084000521C042A00D3121F00BF55F82210C8689A
:1008500000F00040B0F1004F17D1624655F8221069
:100860004FF000080DE0C86820F00040C86000BFED
:10087000521C042A00D3121F00BF55F8221008F1A1
:100880000108B845EFD30220E1E67F1CA468206888
:10089000086088686FF30D00D4F804A040EA0A00ED
:1008A0008860A06868B1A468206848608868DFF83C
:1008B000A8A000EA0A00B4F804A040EA0A40886050
:1008C00007E0002048608868DFF88CA000EA0A0092
:1008D0008860187800F0100060B1C8686FF31100EC
:1008E000D3F81CA040EA0A00C860C86840F4802021
:1008F000C86013E0C8686FF30E00D3F804A040EAA4
:100900000A00C860187800F0010038B1C86820F407
:100910004030D3F814A040EA0A00C860C86840F02C
:100920000040C860C86820F08040C860A068002807
:1009300085D1B9F1000F04D0886840F0004088608C
:1009400003E0886820F000408860C86840F080506C
:10095000C8602A6100207AE6FFFF00C010B50C686D
:100960008B6823430C7943EAC4630C7B43EAC4538A
:100970004C7B43EA84538C7B43EA4453CC7B43EA6D
:1009800004530C7C0CB9012400E0002443EAC44366
:100990004C7C0CB9012400E0002443EA44438C7CE5
:1009A00043EA04434C6923438C6923430C7F43EAA5
:1009B00004334C7F43EAC4238C7F0CB9012400E04C
:1009C000002443EA8423CC7F43EA442391F8204067
:1009D0000CB9012400E0002443EA042351F8244F19
:1009E00023430C7943EA04138C6843EA0402036846
:1009F0001B683D4C23401343046823600B7E5B0659
:100A00000C7D43EA04630C7B43EA84434C7B43EA5A
:100A100044438C7B24390CB9012400E0002443EAD0
:100A200004434C6B43EA040203685B682F4C234089
:100A300013430468636091F840404B6C43EA04221E
:100A40000368DB6840F20F14A34313430468E360B8
:100A500091F854400B6D43EA440391F84C400CB9B3
:100A6000012400E0002443EAC41331F8484F43EA6C
:100A7000044203681B6F4FF60D7423401343046850
:100A800023678B7B4C7B43EA44020368D3F89030A6
:100A900023F0030313430468C4F890300368D3F8C9
:100AA000003D23F072030C6923430468C4F8003D41
:100AB0000C7E4B6948390CB9012400E0002443EA5C
:100AC000841391F8614043EA041391F8624043EAC9
:100AD000C4020368D3F8303D23F07B03134304685A
:100AE000C4F8303D10BD0000838004000080F8C0D1
:100AF00010B54FF4006000F7DBFB10BD38B50020E7
:100B000000906B4601223B4801683B4800F06AFABE
:100B1000044614B16FF0040038BD6B46012235481D
:100B20000168354800F05EFA044614B16FF0040025
:100B3000F2E7009800F0040008B90120ECE76B46EA
:100B400000222C4801682C4800F04CFA044614B1ED
:100B50006FF00400E0E7009800F48050B0F5805F8B
:100B60001FD0009800F40050B0F5005F07D1009846
:100B700000F48070B0F5807F01D10220CCE70098AE
:100B800000F40050B0F5005F01D10320C4E70098E5
:100B900000F48070B0F5807F01D10420BCE705200F
:100BA000BAE76B461F2213480168134800F01AFA8F
:100BB000044614B16FF00400AEE7009800F48050D2
:100BC00008B90620A8E7009800F01C00182801D1F9
:100BD0000220A1E7009800F01C00082801D10320A2
:100BE0009AE7009800F01C00142801D1042093E734
:100BF000052091E79C000024D80000244FF080409D
:100C0000406A704770B5044600F05AFB0646254618
:100C1000681C10B104480078054400BF00F050FB88
:100C2000801BA842FAD370BD14000024704702460E
:100C300009B9012070471068006800F00C00C86214
:100C400010680068C0F3001081F828001068006880
:100C500000F06000486210680068C0F3002080F077
:100C6000010081F8200010680068C0F34020C877B8
:100C700010680068C0F3802080F001008877106859
:100C80000068C0F3C020487710680068C0F30030E7
:100C900008771068006800F40050886110680068E8
:100CA00000F48040486110680068C0F30040887418
:100CB00010680068C0F3404080F00100487410687C
:100CC0000068C0F3C04080F001000874106800683C
:100CD000C0F30050C87310680068C0F340508873B8
:100CE00010680068C0F38050487310680068C0F353
:100CF000C05008731068006800F0E06088601068F9
:100D00000068C0F3C06008711068006800F0E0403F
:100D1000086010684068C0F30D00486310684068C0
:100D2000C0F3004080F0010081F832001068406894
:100D3000C0F3404081F8310010684068C0F3804043
:100D400081F8300010684068C0F3006081F8380016
:100D500010684068C0F34460C8631068C068C0F39E
:100D6000002081F840001068C06800F00F0048645F
:100D70001068006FC0F3400081F854001068006FE5
:100D8000C0F3C01080F0010081F84C001068006FC3
:100D900000F0700008651068006F000C886410682F
:100DA000D0F8900000F0010081F856001068D0F8EB
:100DB0009000C0F3400081F855001068D0F8000D95
:100DC00000F0720088651068D0F8300D00F0230044
:100DD000C8651068D0F8300DC0F3C00081F862001B
:100DE0001068D0F8300DC0F3001081F86100106871
:100DF000D0F8300DC0F3801080F0010081F8600061
:100E0000002017E7024609B9012070471068806882
:100E100000F00100087010688068C0F34000C870DE
:100E200010688068C0F38000087110688068C0F3A3
:100E3000C000087210688068C0F300104871106824
:100E40008068C0F3401080F001004872106880682C
:100E500000F0C000C86010688068C0F30020C8714E
:100E600010688068C0F34020887110688068C0F303
:100E70008020887010688068C00F48700020C4E728
:100E80002DE9F04180460E4608F12C046569A06901
:100E900030B9404600F78AF910B90120BDE8F08169
:100EA00000BFA069401E0544042D00D32D1F00BFC4
:100EB00054F82570F868C0F30E0030600020EDE7AC
:100EC0007047000010B586B004464149206888424A
:100ED0007CD100BF3F48006840F004003D490860F5
:100EE0000846006800F00400009000BF00BF00BF8B
:100EF0000846006840F0010008600846006800F0FD
:100F00000100009000BF00BF00BF0846006840F02D
:100F1000020008600846006800F00200009000BF70
:100F200000BF00BF2B480838006840F40040294942
:100F3000083908600846006800F40040009000BFCF
:100F400000BF00BF0846006840F4803008600846D3
:100F5000006800F48030009000BF00BF00BF08466A
:100F6000006840F4003008600846006800F4003073
:100F7000009000BF00BF32200190022002900020AC
:100F80000390022004900B20059001A9124800F75D
:100F90009DF98620019002200290002003900220FB
:100FA00004900B20059001A90C4800F78FF94FF42D
:100FB00060500190022002900020039002200490D3
:100FC0000B20059001A9064800F780F906B010BD76
:100FD00000800240E0440258000802580000025815
:100FE000000402582DE9F04704460F469046994602
:100FF0002068D0F8000200F0010010B10120BDE827
:10100000F0872068D0F8005225F0787040EA475504
:1010100025F4F81040EA084545F00C0545F00105B7
:101020002068C0F8005200F04BF9064607E000F0D7
:1010300047F9801BB0F57A7F01D90120DFE72068EE
:10104000D0F8000200F001000028F0D12068D0F8AC
:10105000040280B2C9F800000020D0E770B5044651
:101060000D460DB9012070BD94F85200102805D12D
:1010700029462046FFF772FC0020F4E70120F2E742
:1010800010B5024609B9012010BD0878CC7840EAB5
:1010900044000C7940EA84000C7A40EAC4004C79A0
:1010A00040EA04104C7A0CB9012400E0002440EA24
:1010B0004410CC7940EA04208C7940EA44208C78B2
:1010C00040EA84204C7840EAC470CC6840EA0403CB
:1010D00010688068034C204018431468A06000200A
:1010E000D2E7000000F8FF7F30B50146002201F191
:1010F0002C0050F8224091F85100102864D1232090
:1011000081F8510000230EE0E06840F08040E0608C
:1011100000BF521C042A00D3121F00BF01F12C0093
:1011200050F822405B1C042BEED30125CD640868E7
:10113000006840F002000D6828600868006840F010
:1011400001000D6828600868D0F8000D40F001002B
:101150000D68C5F8000D086800F58050D0F804014E
:1011600040F00105086800F58050C0F80451086897
:1011700000F58050D0F8080140F00105086800F53E
:101180008050C0F80851086800F58050D0F8600120
:1011900040F48175086800F58050C0F86051102057
:1011A00081F85100222081F85200086800F5805033
:1011B000D0F834014DF2410528430D6805F58055FE
:1011C000C5F83401002030BD0120FCE770B50446AD
:1011D0000D460DB9012070BD94F85100102820D1A2
:1011E000012229462046FFF71DFA18B1022060654A
:1011F0000120F0E700BFA06A401CA062A06A04289A
:1012000002D3A06A001FA06200BF04F11800A16A07
:1012100050F82110206800F58050C0F820110020FF
:10122000D9E70120D7E700000021014A116070478B
:1012300000000024704700002DE9F04705460F46E6
:10124000904699462868D0F8000200F0010010B1DD
:101250000120BDE8F0872868D0F8004224F07870BB
:1012600040EA475424F4F81040EA084424F00C0003
:10127000041D44F001041FFA89F00D4908600D486F
:10128000C0F8004200F01CF8064607E000F018F82D
:10129000801BB0F57A7F01D90120DAE72868D0F801
:1012A000000200F001000028F0D100BFD1E70000EB
:1012B000048202400080024042694A404261704715
:1012C00001480068704700000C00002410B503209E
:1012D00000F06CF8002000F007F808B1012010BD04
:1012E00000F028F80020FAE770B504460E480078B0
:1012F0004FF47A71B1FBF0F00C490968B1FBF0F5DD
:10130000284600F00DFC08B1012070BD102C07D25A
:1013100000222146501E00F785F90548046001E0CF
:101320000120F2E70020F0E7140000241800002458
:101330001000002408B500BF1B48006840F0020000
:10134000194908600846006800F00200009000BFDC
:1013500000BF032000F02AF8002211466FF00B00B6
:1013600000F760F9002211466FF00A0000F75AF901
:10137000002211466FF0090000F754F900221146CF
:10138000501F00F74FF900221146101F00F74AF9CD
:1013900000221146901E00F745F900221146501E0A
:1013A00000F740F908BD0000F444025800BF00F007
:1013B0000702064B19684FF6FF031940044B0B4315
:1013C00043EA0221014B196000BF70470CED00E0B9
:1013D0000000FA0570B50146002201200023002418
:1013E0009FED811AB0EE410A9FED7F1AF0EE410A9F
:1013F0007E4D2D6805F003027C4D2D68C5F3053048
:101400007A4D2D1D2D6805F01003784D14352D688B
:10141000C5F3CC0515FB03F501EE105AB8EE411AE1
:10142000B0EE410A22B1012A4DD0022A7DD169E0F5
:101430006E4D283D2D68C5F340152DB36B4D283DED
:101440002D68C5F3C1066A4D25FA06F4B4FBF0F524
:1014500001EE105AF8EE411A9FED661A80EE012A4D
:10146000624D10352D68C5F3080501EE105AB8EE2F
:10147000411A32EE011AB7EE002A31EE021A21EEBD
:10148000811AF0EE410A1DE0594DB5FBF0F501EE71
:10149000105AF8EE411A9FED571A80EE012A534D6B
:1014A00010352D68C5F3080501EE105AB8EE411A43
:1014B00032EE011AB7EE002A31EE021A21EE811A3D
:1014C000F0EE410A5EE04C4DB5FBF0F501EE105A2E
:1014D000B8EE412A9FED471AC0EE011A434D103570
:1014E0002D68C5F3080501EE105AB8EE411A31EE29
:1014F000811AF7EE001A31EE211A22EE011AF0EEEF
:10150000410A3FE03D4DB5FBF0F501EE105AF8EE13
:10151000411A9FED381A80EE012A344D10352D689E
:10152000C5F3080501EE105A00E00CE0B8EE411AD0
:1015300032EE011AB7EE002A31EE021A21EE811ABC
:10154000F0EE410A1EE02C4DB5FBF0F501EE105A0D
:10155000B8EE412A9FED271AC0EE011A234D10352F
:101560002D68C5F3080501EE105AB8EE411A31EEA8
:10157000811AF7EE001A31EE211A22EE011AF0EE6E
:10158000410A00BF00BF194D10352D68C5F346252F
:101590006D1C01EE105AB8EE411AC0EE811ABCEE75
:1015A000E11A81ED001A114D10352D68C5F306457D
:1015B0006D1C01EE105AB8EE411AC0EE811ABCEE55
:1015C000E11A81ED011A094D10352D68C5F3066544
:1015D0006D1C01EE105AB8EE411AC0EE811ABCEE35
:1015E000E11A81ED021A70BD000000002844025883
:1015F0000090D0030000004600093D0040787D01C6
:1016000070B5014600220120002300249FED811ABD
:10161000B0EE410A9FED7F1AF0EE410A7E4D2D6833
:1016200005F003027C4D2D68C5F305507A4D2D1D44
:101630002D6805F48073784D1C352D68C5F3CC05F5
:1016400015FB03F501EE105AB8EE411AB0EE410A4F
:1016500022B1012A4DD0022A7DD169E06E4D283D8C
:101660002D68C5F340152DB36B4D283D2D68C5F38E
:10167000C1066A4D25FA06F4B4FBF0F501EE105AE6
:10168000F8EE411A9FED661A80EE012A624D183578
:101690002D68C5F3080501EE105AB8EE411A32EE76
:1016A000011AB7EE002A31EE021A21EE811AF0EE8D
:1016B000410A1DE0594DB5FBF0F501EE105AF8EE68
:1016C000411A9FED571A80EE012A534D18352D68A7
:1016D000C5F3080501EE105AB8EE411A32EE011AB0
:1016E000B7EE002A31EE021A21EE811AF0EE410A1D
:1016F0005EE04C4DB5FBF0F501EE105AB8EE412A14
:101700009FED471AC0EE011A434D18352D68C5F3F9
:10171000080501EE105AB8EE411A31EE811AF7EEC3
:10172000001A31EE211A22EE011AF0EE410A3FE0D2
:101730003D4DB5FBF0F501EE105AF8EE411A9FED64
:10174000381A80EE012A344D18352D68C5F3080586
:1017500001EE105A00E00CE0B8EE411A32EE011A28
:10176000B7EE002A31EE021A21EE811AF0EE410A9C
:101770001EE02C4DB5FBF0F501EE105AB8EE412AF3
:101780009FED271AC0EE011A234D18352D68C5F3B9
:10179000080501EE105AB8EE411A31EE811AF7EE43
:1017A000001A31EE211A22EE011AF0EE410A00BFB2
:1017B00000BF194D18352D68C5F346256D1C01EE87
:1017C000105AB8EE411AC0EE811ABCEEE11A81ED52
:1017D000001A114D18352D68C5F306456D1C01EE34
:1017E000105AB8EE411AC0EE811ABCEEE11A81ED32
:1017F000011A094D18352D68C5F306656D1C01EEFB
:10180000105AB8EE411AC0EE811ABCEEE11A81ED11
:10181000021A70BD00000000284402580090D00356
:101820000000004600093D0040787D01704700003F
:1018300070B504460D4600268D48006800F007008C
:10184000A8420ED28A48006820F007002843884941
:1018500008600846006800F00700A84201D0012097
:1018600070BD207800F00200022807D1814800688E
:1018700020F00F00E16808437E490860207800F0FE
:101880000100002851D07B48006820F47060A168F6
:101890000843784908606068022807D175481838FD
:1018A0000068C0F34040F8B90120D9E76068032818
:1018B00007D1704818380068C0F34060A0B9012013
:1018C000CEE76068012807D16A4818380068C0F37D
:1018D000002048B90120C3E7664818380068C0F303
:1018E000800008B90120BBE762480838006820F092
:1018F0000700616808435F4908390860FFF7E0FCAA
:1019000006466068022811D108E0FFF7D9FC801B69
:1019100041F28831884201D90320A1E755480838AF
:10192000006800F038001028EFD13AE06068032822
:1019300011D108E0FFF7C4FC801B41F288318842D6
:1019400001D903208CE74B480838006800F03800C4
:101950001828EFD125E06068012811D108E0FFF7D1
:10196000AFFC801B41F28831884201D9032077E720
:1019700040480838006800F038000828EFD110E02F
:1019800008E0FFF79DFC801B41F28831884201D9B5
:10199000032065E737480838006800F03800002861
:1019A000EFD13348006800F00700A8420ED9304854
:1019B000006820F0070028432D49086008460068A9
:1019C00000F00700A84201D0012049E7207800F08C
:1019D0000400042807D12748006820F0700021691E
:1019E000084324490860207800F00800082809D13D
:1019F0002048001D006820F07000616908431D49FF
:101A0000091D0860207800F01000102809D119483D
:101A1000001D006820F4E060A16908431549091D14
:101A20000860207800F02000202809D111480830F3
:101A3000006820F07000E16908430E490831086031
:101A4000FFF676FE0B49096801F470614FF480726D
:101A500092FAA2F2B2FA82F2D140074A515CC8402F
:101A6000064908600020FFF73FFC0020F8E6000070
:101A70000020005218440258486E00081800002444
:101A80000348006840F400200149086070470000E6
:101A90000044025810B5FFF603FE0949096801F039
:101AA0000F01012292FAA2F2B2FA82F2D140054A63
:101AB000515CC840044908600846006810BD000039
:101AC00018440258486E00081C00002410B5FFF7A7
:101AD000E1FF0749096801F4E0614FF4807292FA6E
:101AE000A2F2B2FA82F2D140024A515CC84010BD63
:101AF0001C440258486E0008042808D14FF0E02129
:101B0000096941F004014FF0E022116107E04FF054
:101B1000E021096921F004014FF0E02211617047D2
:101B200070B504462546681EB0F1807F01D30120C0
:101B30000FE0681E4FF0E02148610F214FF0FF30A9
:101B400001F73EFD00204FF0E02188610720086189
:101B5000002070BD7047000038B504462149206858
:101B6000884216D100BF2048006840F001001E499D
:101B700008600846006800F00100009000BF00BF48
:101B8000002211461920FFF64DFD1920FFF63AFDFF
:101B900027E02068B0F1804F0FD100BF124808380D
:101BA000006840F0010010490839086008460068E4
:101BB00000F00100009000BF13E00C49206888424B
:101BC0000FD100BF08480838006840F002000649FD
:101BD000083908600846006800F00200009000BF65
:101BE00000BF38BD00000140F0440258000400402E
:101BF0000146022081F83D000868008840F001009D
:101C00000A681080012081F83D00002070470146DD
:101C10000868C06840F001000A68D0600868008861
:101C200040F001000A68108000207047704710B52E
:101C3000044620680069C0F34000D8B12068C0683D
:101C4000C0F34000B0B16FF00200216808610120CC
:101C500020772068806900F0030018B12046FFF764
:101C6000E5FF05E0204600F7F3FA204600F0BBF858
:101C70000020207720680069C0F38000D8B1206878
:101C8000C068C0F38000B0B16FF004002168086143
:101C9000022020772068806900F4407018B1204647
:101CA000FFF7C4FF05E0204600F7D2FA204600F017
:101CB0009AF80020207720680069C0F3C000D8B1EE
:101CC0002068C068C0F3C000B0B16FF008002168A0
:101CD0000861042020772068C06900F0030018B173
:101CE0002046FFF7A3FF05E0204600F7B1FA2046A3
:101CF00000F079F80020207720680069C0F3001018
:101D0000D8B12068C068C0F30010B0B16FF0100007
:101D100021680861082020772068C06900F44070BD
:101D200018B12046FFF782FF05E0204600F790FA41
:101D3000204600F058F8002020772068006900F065
:101D4000010058B12068C06800F0010030B16FF0A8
:101D5000010021680861204600F046F8206800690B
:101D6000C0F3C01058B12068C068C0F3C01030B1D3
:101D70006FF08000216808612046FFF7EBFE2068C5
:101D80000069C0F3002058B12068C068C0F3C010DB
:101D900030B16FF08000216808612046FFF7DAFE5D
:101DA00020680069C0F3801058B12068C068C0F393
:101DB000801030B16FF0400021680861204600F7C4
:101DC00048FA20680069C0F3401058B12068C06824
:101DD000C0F3401030B16FF0200021680861204648
:101DE00000F747F910BD704710B504460349206855
:101DF000884201D1FEF6BAFC10BD0000000001408F
:101E000070B504460D4600BF94F83C00012801D18E
:101E1000022070BD012084F83C0000BF022084F83D
:101E20003D002946204600F7C7FD2068C06820F025
:101E300040002168C8602068C06820F480402168A4
:101E4000C860012084F83D0000BF002084F83C00F9
:101E500000BF00BFDDE7000010B586B004461421C6
:101E600001A8FEF717F91949206888422CD100BF54
:101E70001748006840F010001549086008460068DF
:101E800000F01000009000BF00BF00BF10481038E5
:101E9000006840F001000E491039086008460068EB
:101EA00000F00100009000BF00BF4FF4C06001903F
:101EB0000220029000200390032004900720059048
:101EC00001A90448FFF602FA06B010BD0010014057
:101ED000F04402580000025800BFFEE7FEB5064677
:101EE0000127002426E04FF4FA6002A9621CC2EB2D
:101EF000C20303EB4212124B03EBC202CDE9001006
:101F00009188104A0423106840F62C1200F0C9FF93
:101F10000546012D0AD10298002801DB014600E0A8
:101F20004142094A914201DA012702E0601C47421E
:101F300002E0641CB442D6DB00BF3846FEBD0000A0
:101F40009002002438000024A086010000B587B06C
:101F500000BF3548006840F0040033490860084677
:101F6000006800F00400019000BF00BF00BF0846F9
:101F7000006840F0010008600846006800F00100B9
:101F8000019000BF00BF00BF0846006840F002009B
:101F900008600846006800F00200019000BF00BF22
:101FA000142102A8FEF776F800BF1F48006840F031
:101FB00010001D4908600846006800F010000190FC
:101FC00000BF00BF00BF0846006840F0080008607E
:101FD0000846006800F00800019000BF00BF012221
:101FE00003211248FFF698FA032002900120039083
:101FF000002004900220059002A90C48FFF666F923
:10200000012251030A48FFF687FA4FF4005002906C
:1020100001200390002004900220059002A90448AA
:10202000FFF654F907B000BDE04402580010025812
:10203000000C025800B587B01348FFF78DFD4FF034
:10204000804011490860C720486000210E48816027
:102050000E49C160002101618021816100F740F8D3
:102060004FF48050039003A9074800F753F820204D
:1020700000908020029069460348FFF6FBFF02486B
:10208000FFF7B6FD07B000BD800100243F420F00FE
:1020900010B5FFF66FFC10BD10B50023234C236074
:1020A00000BF00BF00BFBFF34F8F00BF00BF00BF26
:1020B000231F1868C0F34E3100BFC0F3C90200BF30
:1020C00043F6E07303EA41134FF0404404EA82749C
:1020D0002343174C236000BF00BF131EA2F101026F
:1020E000EED10B1EA1F10101E7D100BF00BF00BF7F
:1020F000BFF34F8F00BF00BF00BF0C4B703B1B688E
:1021000043F48033094C703C236000BF00BF00BF24
:10211000BFF34F8F00BF00BF00BF00BF00BF00BFB5
:10212000BFF36F8F00BF00BF00BF10BD84ED00E0A4
:1021300060EF00E000BF00BF00BFBFF34F8F00BFE4
:1021400000BF00BF00BF00BF00BFBFF36F8F00BF65
:1021500000BF00BF00201449086000BF00BF00BFDF
:10216000BFF34F8F00BF00BF00BF00BF00BF00BF65
:10217000BFF36F8F00BF00BF00BF0C48006840F482
:1021800000300A49086000BF00BF00BFBFF34F8F97
:1021900000BF00BF00BF00BF00BF00BFBFF36F8F15
:1021A00000BF00BF00BF704750EF00E014ED00E03B
:1021B00030B50A460446202300BF00BF00BFBFF36E
:1021C0004F8F00BF00BF00BF03E00B4D2C601C44CD
:1021D000D21A002AF9DC00BF00BF00BFBFF34F8F47
:1021E00000BF00BF00BF00BF00BF00BFBFF36F8FC5
:1021F00000BF00BF00BF30BD5CEF00E070470000D3
:1022000010B59CB04C2109A8FDF744FF202101A87E
:10221000FDF740FF3348006820F0040031490860B2
:1022200000BF002000902F480C30006840F4404070
:102230002C490C3108600846006800F440400090CA
:1022400000BF00BF00BF27480C30006800F40050FA
:10225000B0F5005FF7D12448006820F00300801C2F
:10226000214908600120099000040A900220129080
:102270000221139105211491A0211591022116919B
:10228000179118910821199100211A911B9109A801
:10229000FFF682FB3F200190032002900020039074
:1022A00008200490402005900690000107904020EF
:1022B0000890022101A8FFF7BBFAFFF7E1FB0B48EA
:1022C00000684FF47A71B0FBF1F42046FFF728FC68
:1022D0000420FFF711FC01221146901EFFF6A2F91F
:1022E0001CB010BD0C4802582844025818000024A5
:1022F0002048006840F470001E4908601E480068CD
:1023000040F001001C49086000201B4910310860A2
:102310001948006819490840174908600020164903
:1023200018310860091D0860091D0860124928312C
:102330000860091D0860091D0860091D0860091D65
:102340000860091D0860091D0860091D08600A4829
:10235000006820F4802008490860002006496031A8
:102360000860012006490860C006024980390860FB
:102370007047000088ED00E0004402587FEDF6EA67
:102380000881005110B50248FFF751FC10BD000054
:102390004001002410B500220288294B98420ED03B
:1023A000B0F1804F0BD0274B984208D0264B984273
:1023B00005D0264B984202D0254B984203D122F0FB
:1023C00070024B681A431E4B984217D0B0F1804FF1
:1023D00014D01C4B984211D01B4B98420ED01B4B73
:1023E00098420BD01A4B984208D01A4B984205D00D
:1023F000194B984202D0194B984203D122F44072F3
:10240000CB681A4322F080034C6943EA040202803D
:102410008B68C3620B880385094B98420BD00C4B29
:10242000984208D00B4B984205D00B4B984202D0F3
:102430000A4B984201D10B8A03860123436110BDE8
:10244000000001400004004000080040000C004073
:1024500000040140004001400044014000480140A8
:102460000A4600218168034B194042F007031943D3
:10247000816070478FFFCFFF30B50B4614460021B7
:102480000022056A25F0100505628169026A21F4BF
:10249000704141EA043122F0A00242EA0312816154
:1024A000026230BD38B5044600250020E067FEF723
:1024B00007FF05462068006800F0080008280CD1D6
:1024C0006FF07E402B4600224FF400110090204612
:1024D00001F724F808B1032038BD2068006800F037
:1024E000040004280CD16FF07E402B4600224FF4EC
:1024F00080010090204601F711F808B10320EBE7B6
:10250000202084F8790084F87A0000BF002084F845
:10251000780000BF00BFDFE7002007E00021084A85
:1025200042F82010074A42F82010401C2028F5DB12
:102530000020054908700549087005490860704782
:1025400090010224100202248C0000248D0000243B
:102550009400002400BFFEE70FB4054B10B503A99B
:10256000044A029800F008F810BC5DF814FB000063
:1025700001661008A00000242DE9FF4F95B09A468F
:10258000884606460025EEE1252877D10024274617
:10259000F94A0121039400E0044316F8013F203B6F
:1025A00001FA03F01042F7D130782A2811D06FF0E9
:1025B0002F033078A0F13002092A16D8039A44F08C
:1025C000020402EB820203EB42021044761C0390E9
:1025D000EFE758F8042B0392002A03DA504244F440
:1025E0000054039044F00204761C30782E2816D153
:1025F00016F8010F44F004042A280DD06FF02F02C2
:102600003078A0F13003092B09D807EB870302EBE0
:102610004303C718761CF3E758F8047B761C307820
:102620006C280FD006DC4C2817D068280DD06A28FB
:1026300014D104E0742810D07A280FD10DE044F4AE
:1026400000140AE044F4801401E044F44014727869
:10265000824202D104F58014761C761C30786628FC
:102660000BD013DC582877D009DC002875D045281A
:10267000F6D04628F4D047281AD193E118E0632811
:1026800035D0642879D0652812D18BE1702873D0B9
:1026900008DC6728F1D069286FD06E280DD06F282C
:1026A00006D1ACE073282CD0752874D0782853D08C
:1026B0005246179990476D1C54E1C4F3025002280A
:1026C00009D003280DD0D8F8001004280DD00D60D3
:1026D00008F1040846E1D8F80010EA17C1E90052F1
:1026E000F6E7D8F800100D80F2E70D70F0E718F863
:1026F000041B8DF8001000208DF80100EB4601202E
:1027000003E058F804BB4FF0FF3061074FF00001C1
:1027100002D40DE009F101018946B9420FDA814581
:10272000F8DB1BF809100029F4D108E009F10101D8
:1027300089468142FADB1BF809100029F6D103987B
:102740005346A0EB090721463846179A01F730F89F
:10275000284400EB090507E044E008E10DE01BF820
:10276000010B524617999047B9F10109F7D2534628
:1027700021463846179AF2E039E00A21C4F30252A2
:102780004FF0000B0091022A06D058F8040BC11735
:10279000032A09D00AE023E008F1070020F007022D
:1027A000F2E80201904605E000B2C117042A01D107
:1027B00040B2C117002906DA0A460021404261EB07
:1027C00002012D2202E0220504D52B228DF80420DF
:1027D000012203E0E20701D02022F7E7914657E00B
:1027E0000A2100E010214FF0000B00910BE01021B6
:1027F0004FF0000B44F004040827009103E0082088
:102800004FF0000B0090C4F30252022A05D058F892
:10281000040B0021032A08D008E008F1070020F08B
:102820000702F2E80201904603E080B2042A00D1D8
:10283000C0B24FF0000922072AD53278702A07D09B
:10284000DDF800C08CF0100C5CEA0B0C05D00EE03B
:1028500040228DF80420012208E050EA010306D04E
:1028600030238DF804308DF8052002229146009B1C
:1028700083F0080353EA0B030AD150EA010201D1A5
:10288000620705D530228DF804204FF001097F1E24
:102890003278582A04D039A20C920CAA02920BE08A
:1028A0003BA2F9E75B46009AFDF602FD0C9B9B5CA0
:1028B000029A521E0292137050EA0102F2D102985B
:1028C00004A9081A00F1200B600702D524F4803413
:1028D00000E001275F4502DDA7EB0B0000E00020D0
:1028E00000EB0B01009003984944401A0390E00369
:1028F00006D453462146179A039800F759FF05441A
:10290000002706E001A85246C05D179990476D1C4C
:102910007F1C4F45F6DBE0030CD553462146179A42
:10292000039800F745FF054404E03020524617990C
:1029300090476D1C0099481E00900029F5DC08E0C6
:102940000298029952460078491C029117999047C3
:102950006D1CBBF10001ABF1010BF1DC5BE100F799
:1029600015FF0544761C307800287FF40DAE19B0B1
:102970002846BDE8F08F00000928010030313233CD
:1029800034353637383961626364656600000000AB
:102990003031323334353637383941424344454695
:1029A00000000000600700D4062708F1070020F0AF
:1029B0000700F0E80223804603F0004C5FEA0C00B9
:1029C00001D097A009E0200501D596A005E0E00719
:1029D00001D095A001E0AFF24C001390307823F0C5
:1029E000004365280CD006DC452809D046281DD0B8
:1029F00047287FD13BE0662818D067287AD136E097
:102A00000021112F01DB112000E0781CCDE900012D
:102A100004A90CA800F7F8FDDDE90D010C9A4FF0B0
:102A2000000B07F10109109200914EE04FF00040B9
:102A30000097CDE9011004A90CA800F7E5FDDDE938
:102A40000D020C9B0F994FF0000B914610930092D2
:102A500011B9791C00EB0109B7EB090003D4C0F1EF
:102A6000FF3B07F10109A9EB0700019042E0012FAC
:102A700000DA01270021112F01DD112000E0384686
:102A8000CDE9000104A90CA800F7BEFDDDE90D01A8
:102A90000C9A00914FF0000BB946109221070FD409
:102AA000009A4A4503DA914601E0A9F10109B9F11A
:102AB000010F05DD109AA9F10101515C3029F4D014
:102AC000B84202DA10F1040F03DA0121CDE9011056
:102AD00010E0002803DC8344A9EB000102E0411C64
:102AE000494500DD8946A0EB0B00401C01904FF0EA
:102AF00000400290200705D40198484502DB4FF0C2
:102B0000FF30019000208DF84B0002980DF14B072B
:102B1000B0F1004F25D002200C902B200D90029890
:102B200000280CDA404202902D200D9007E00A2187
:102B30000298FDF7C3FA3031029007F8011D0C9995
:102B4000481E0C900029F2DC02980028EFD1791E73
:102B50000D980870307800F0200040F0450007F82C
:102B6000020D11A8C01BC01D02901398007800B17F
:102B7000012000EB0901019801EBE071029801448A
:102B80000398401A401E0390E00306D453462146A2
:102B9000179A039800F70CFE05441398007818B1B3
:102BA0005246179990476D1CE00323D553462146A2
:102BB000179A039800F7FCFD05441BE0BBF1000FDA
:102BC00007DB0098584504DD1098179910F80B00A2
:102BD00001E0179930205246904701980BF1010B04
:102BE000401E05F10105019004D12E20524617998F
:102BF00090476D1CB9F10001A9F10109DEDC05E087
:102C000017F8010B5246179990476D1C0299481E00
:102C100002900029F4DC53462146179A03989EE659
:102C20002D0000002B000000200000007FB50446AE
:102C30000E4600200090FFF6EDFD01A91848FEF6B3
:102C4000C0F8054645BB69461548FEF719F94FF42B
:102C5000BF511448FFF7ACFA13480068C0EB80126C
:102C600002EBC0100F4A02EBC0012046009AFDF6AD
:102C700050FB0D480068032805D20B480068401C33
:102C80000949086002E00020074908600448FEF690
:102C900037F8009804B070BD4FF0FF30FAE700003D
:102CA000D8000024000204300800002470B58CB065
:102CB00005460C460026224629460E48FDF629FB0D
:102CC00030216846FDF7E6F90A4800900194264451
:102CD000094846600146C1F808D0FFF69BFD064949
:102CE0000648FEF773FA01200549086000200CB081
:102CF00070BD000000400430A4000024D80000246F
:102D0000000000242DE9FF4704460D4616461F46E5
:102D1000DDE90D9ADDF8308033462A462146044825
:102D20008DE8800700F73DFF04B0BDE8F0870000A4
:102D30003800002470B504460D462A462146024854
:102D400001F0A6FB70BD00003800002410B5024859
:102D500001F7DAFD10BD00003800002410B504466C
:102D60002146024802F7FEF910BD00003800002499
:102D700010B5024803F055F810BD000038000024DB
:102D800010B504462146002000F782FD10BD10B5A5
:102D9000002000F789FD10BD10B504462146024809
:102DA00003F759FE10BD0000380000242DE9FF5F35
:102DB00005460F4690461E46DDE90E9B284602F763
:102DC000A6F9C4B240F2F72014FB00F046F27452A8
:102DD0002A4402EB4001234601222846CDE902693C
:102DE000CDE9007803F023F95A462146284603F737
:102DF000D8FD8246BAF1000F0CDD40F2F7206043A7
:102E000005F1200202EB400000F10C013246484679
:102E1000FDF67FFA00222146284603F0F8F85046D6
:102E200004B0BDE8F09FFEB505460E4617461C46A9
:102E30000020029002A802233A463146CDE9000460
:102E40002846FFF7B3FFBDF80800FEBD2DE9FF5F80
:102E500005460E4617469846DDE90E9A284602F7C3
:102E600056F9C4B240F2F72014FB00F046F2745257
:102E70002A4402EB40012346022228468DE8C00383
:102E800003F0D5F852462146284603F78AFD8346CB
:102E900000222146284603F0BAF8584604B0BDE89F
:102EA000F09F2DE9FF5F05460F4690461E46DDE97F
:102EB0000E9B284602F72BF9C4B240F2F72014FB10
:102EC00000F046F274522A4402EB400123460422E9
:102ED0002846CDE90269CDE9007803F0A8F85A4602
:102EE0002146284603F75DFD8246BAF1000F0CDD4E
:102EF00040F2F720604305F1200202EB400000F1B0
:102F00000C0132464846FDF604FA002221462846C6
:102F100003F07DF8504604B0BDE8F09F2DE9FF5F57
:102F200005460E4617469846DDE90E9A284602F7F2
:102F3000EEF8C4B240F2F72014FB00F046F27452EF
:102F40002A4402EB40012346052228468DE8C003AF
:102F500003F06DF852462146284603F722FD8346CA
:102F600000222146284603F052F8584604B0BDE836
:102F7000F09F2DE9F04188B004460D4616461F46E5
:102F8000DDF83880182102A8FDF784F8684603F7B9
:102F900073FEDDE90001CDE90201ADF81250ADF894
:102FA00014608DF816700120E16A087000208DF819
:102FB0001700CDF8188002A9204602F011FB08B0D6
:102FC000BDE8F0812DE9FF4FADF6BC3D81468B4653
:102FD000DDF8F47B0DF5BC6000F706FC00230DF571
:102FE000BC625946484602F0FDF8804604A800F746
:102FF000FBFB0DF5BC6404AD0A202880002068802E
:103000002871CBEBCB0202EB4B12D9F8041001EB89
:10301000C20191F8C80000F735FC03900398CBEB90
:10302000CB0202EB4B12D9F8041001EBC20181F87C
:10303000C8000321039801EB001068714FF40050A1
:10304000E880DDF8F00B10B15020287201E040203C
:103050002872DDF8C40BA5F80900DDF8F00B30B1DB
:10306000DDF8C80B012802DD0120CDF8C80BDDF822
:10307000C80BE8720020E86044F6206304AA5946B1
:10308000484602F794FE8046B8F1000F3BDD0DF58F
:10309000BC6000F7A9FB0DF5BC6259464846DDF857
:1030A000FC3B02F09FF88046B8F1000FEEDD60793E
:1030B00000F00F0003287DD1E0880321B1EB203F11
:1030C000F9D1B4F80900B5F809108842F3D1207A93
:1030D00000F00200002823DD207AC0F38100C0F157
:1030E0000400CDF8B80B3968DDF8B80B81420BDB72
:1030F00004F10C01DDF8B82BDDF8F80BFDF609F949
:10310000DDF8B80B386009E14FF0000803200090AB
:10311000594648460DF6C4320CCA02F7BFFEFDE020
:10312000D4F80CA0386850457EDBDDF8F80BCDF8FC
:10313000B40BDDF8F80BCDF8B00B20880A3886B256
:10314000564572DA324604F11001DDF8B00BFDF697
:10315000E0F8DDF8B00B3044CDF8B00B3E60012054
:10316000019000200290A6E004AD0A2028800020F3
:1031700068802871CBEBCB0202EB4B12D9F804101C
:1031800001EBC20191F8C80000F77CFB03900398A3
:10319000CBEBCB0202EB4B12D9F8041001EBC201CE
:1031A00081F8C8000321039801EB001068714FF407
:1031B000005000E09AE0E880029860302872DDF864
:1031C000C40BA5F80900DDF8C80BE8720020E86020
:1031D00044F6206304AA5946484602F7E8FD8046B3
:1031E000B8F1000F63DD0DF5BC6000F7FDFA0DF5D9
:1031F000BC6259464846DDF8FC3B01F0F3FF8046CF
:10320000B8F1000F53DD607900F00F00032834D1CE
:10321000E0880321B1EB203F2FD1207A00F0E000BD
:1032200058BB2088C01E01E054E049E086B2207AF5
:1032300000F00100002810DD00200190072E04D1CD
:10324000207AC0F34200301A86B2324604F10901F6
:10325000DDF8B00BFDF65DF80BE0324604F1090134
:10326000DDF8B00BFDF655F8DDF8B00B3044CDF8C5
:10327000B00B38683044386019E000200190207AA3
:10328000802809D1E0680090594648460DF6C432BE
:103290000CCAFFF76EFE08E0012000905946484630
:1032A0000DF6C4320CCA02F7F9FD4FF0000802987F
:1032B00080F010000290019800287FF455AF2DE0B7
:1032C000524604F11001DDF8B40BFDF622F8C7F800
:1032D00000A023E04FF00008032000905946484624
:1032E0000DF6C4320CCA02F7D9FD17E0207A802807
:1032F00009D1E0680090594648460DF6C4320CCA20
:10330000FFF737FE08E001200090594648460DF6C9
:10331000C4320CCA02F7C2FD4FF0000840460DF659
:10332000CC3DBDE8F08FF0B589B004460D46164699
:103330001F46182103A8FCF7ADFE01A803F79CFC6B
:10334000DDE90101CDE90301ADF81650ADF81860D3
:1033500000208DF81A000120E16A087008208DF81D
:103360001B00ADF81C7003A9204602F039F909B022
:10337000F0BD0146002003E0002241F82020401C5F
:103380001028F9DB70470021826A1170826A51703F
:10339000704700002DE9FF4F87B004461D46DDE968
:1033A000149700200690059000BF0490804629469F
:1033B000FCA0FFF7D1F8C5EBC50101EB4511606832
:1033C00000EBC10080880290C5EBC50101EB4511FF
:1033D000606800EBC10090F80461C5EBC50101EB2A
:1033E0004511606800EBC100008B78B101E0701CF2
:1033F000C6B2C5EBC50101EB4511606800EBC10029
:10340000793000EB061000680028F0D142E2314626
:10341000EBA0FFF7A1F803E008F1010000F0FF08BE
:10342000B8F1070F0BDAC5EBC50101EB4511606878
:1034300000EBC100713010F808000428ECD14146BF
:10344000E3A0FFF789F8C5EBC50101EB4511606802
:1034500000EBC100313000EBC8000188C5EBC502AC
:1034600002EB4512606800EBC200793000EB0610F9
:103470000181C5EBC50101EB4511606800EBC1009E
:10348000313000EBC800B0F802A005985044059018
:10349000069800EBCA000690C5EBC50101EB45118B
:1034A000606800EBC100313000EBC8000088504478
:1034B00080B203904BE008F1010000F0FF0803E048
:1034C00008F1010000F0FF08B8F1070F0BDAC5EBB7
:1034D000C50101EB4511606800EBC100713010F8C7
:1034E00008000428ECD1C5EBC50101EB451160686B
:1034F00000EBC100313000EBC80001880398814225
:1035000000DD32E04146B2A0FFF726F8C5EBC50169
:1035100001EB4511606800EBC100313000EBC800E1
:10352000B0F802A0059850440590069800EBCA0038
:103530000690C5EBC50101EB4511606800EBC100C9
:10354000313000EBC8000088504480B20390C5EBD6
:10355000C50101EB4511606800EBC100C18C069804
:10356000814202DDB8F1070FA5DB00BFC5EBC50145
:1035700001EB4511606800EBC100806A002867D14B
:10358000D9F80010C5EBC50202EB4512606800EBEC
:10359000C200793000EB061001603978C5EBC50236
:1035A00002EB4512606800EBC200793000EB0610B8
:1035B0008171C5EBC50101EB4511606800EBC100ED
:1035C00090F82600401E397808443870387807286B
:1035D00007DDD9F80000401CC9F800003878083829
:1035E0003870C5EBC50101EB4511606800EBC10007
:1035F000793000EB06100068D9F80010081A00F1C5
:10360000010BC5EBC50202EB4512606800EBC2007E
:10361000793000EB0610A0F804B03978C5EBC5028C
:1036200002EB4512606800EBC200793000EB061037
:10363000C1713878401C38703878072864DDD9F8B3
:103640000000401CC9F800003878083838705BE08A
:10365000387830B1D9F80000401CC9F800000020CB
:103660003870D9F80010C5EBC50202EB451260684E
:1036700000EBC200793000EB061001603978C5EB31
:10368000C50202EB4512606800EBC200793000EB26
:103690000610817107203870DDF814B0C5EBC50144
:1036A00001EB4511606800EBC100816A0498584441
:1036B00081420ADAC5EBC50101EB4511606800EBF8
:1036C000C100816A0498A1EB000BD9F800005844AE
:1036D000C9F80000C5EBC50202EB4512606800EBBB
:1036E000C200793000EB0610A0F804B03978C5EBC1
:1036F000C50202EB4512606800EBC200793000EBB6
:103700000610C17100203870049858440490C5EB2D
:10371000C50101EB4511606800EBC100793000EB99
:1037200006108088E8B30021C5EBC50202EB451204
:10373000606800EBC200793000EB06108172012155
:10374000C5EBC50202EB4512606800EBC2007930A0
:1037500000EB0610C172C5EBC50202EB45126068B2
:1037600000EBC200793000EB0610017341F270717A
:10377000C5EBC50202EB4512606800EBC200793070
:1037800000EB0610CDE90001310101F5C062102304
:1037900020680299FFF7C2FB2169099800EB8002BB
:1037A0001EE02DE0203D536C6176652025642C20C1
:1037B000494E505554204D415050494E470D0A0036
:1037C00020202020464D4D552025640D0A00000084
:1037D000202020202020534D25640D0A00000000E9
:1037E00002EB401001EBC000808C401C81B22269CA
:1037F000099800EB800303EB401002EBC0008184CA
:10380000C5EBC50101EB4511606800EBC100C06A62
:10381000D0BBC5EBC50101EB4511606800EBC100F1
:10382000793000EB0610016808980844C5EBC50222
:1038300002EB4512616801EBC201C862C5EBC5012C
:1038400001EB4511606800EBC100793000EB061018
:103850008079C5EBC50202EB4512616801EBC2013C
:1038600081F83000C5EBC50303EB4513606800EB3E
:10387000C30090F83020C5EBC50303EB4513606827
:1038800000EBC300C16A00E002E012A0FEF764FE94
:10389000701CC6B2B8F1070F10DAC5EBC50202EB17
:1038A0004512616801EBC201C98CC81DC11700EB4C
:1038B0005171CA1004998A423FF7A9ADC5EBC50101
:1038C00001EB4511606800EBC10080F804610BB0AA
:1038D000BDE8F08F20202020496E7075747320257C
:1038E000702073746172746269742025640D0A001B
:1038F0002DE9F04105460E464FF0000806E0002095
:10390000254901EB0811486008F10108B8F1010FE1
:10391000F5DB012412E056B1C4EBC40101EB441104
:10392000686800EBC10090F80301B04204D10022A6
:103930002146284601F76AFE601C84B2A868006828
:10394000A042E8DA00BF01F09DF807461FB14FF42E
:103950007A7003F7D6F9002FF5D1012415E056B19E
:10396000C4EBC40101EB4411686800EBC10090F89E
:103970000301B04207D12146284601F739FF21460D
:10398000284602F741F8601C84B2A8680068A0428B
:10399000E5DABDE8F0810000800200242DE9F34F54
:1039A0008DB00446FEA00E99FEF7D6FD204601F02C
:1039B0000BF9204601F7D0FA0590059800287DDD27
:1039C000204602F769FC01257FE0C5F1010080B2C5
:1039D0000C9041F270734FF4A07220680C99FFF7BD
:1039E00022FA8246C5EBC50101EB4511606800EB88
:1039F000C100A0F814A041F2707005F580518BB29F
:103A00000090102220680C99FFF690FF012D01D143
:103A1000AB4601E04FF0000B41F2707000905B4646
:103A20004FF4807220680C99FFF680FF41F27073AA
:103A3000102220680C99FFF7F6F90B900B980B9069
:103A40000B98C5EBC50202EB4512616801EBC201A0
:103A5000888041F2707007A9CDE90010022312227C
:103A600020680B99FFF71DFABDF81C00C5EBC502D5
:103A700002EB4512616801EBC201C88041F270702F
:103A80000AA9CDE90010022340F2025220680B99E6
:103A9000FFF707FABDF828000A90BDF8280000F0EB
:103AA000400048B10120C5EBC50202EB4512616838
:103AB00001EBC20181F8FA00082200E0FEE329468A
:103AC000204602F79BFA681C85B2A0680068A842ED
:103AD000BFF67BAF012515E044F62062294620465B
:103AE00002F0CAF80646C5EBC50101EB4511606856
:103AF00000EBC10086600A222946204602F77EFAC2
:103B0000681C85B2A0680068A842E5DA012515E0C6
:103B100044F620622946204602F0AEF80646C5EB80
:103B2000C50101EB4511606800EBC100C6600C22C5
:103B30002946204602F762FA681C85B2A068006830
:103B4000A842E5DA012515E044F620622946204620
:103B500002F092F80646C5EBC50101EB451160681D
:103B600000EBC100066118222946204602F746FAFA
:103B7000681C85B2A0680068A842E5DA01252BE040
:103B800044F620622946204602F076F80646C5EB48
:103B9000C50202EB4512616801EBC201A1F8C060E9
:103BA000300CC5EBC50202EB4512616801EBC201A6
:103BB000A1F8BE00C5EBC50101EB4511606800EB43
:103BC000C100B0F8BE00002804DD1A2229462046B4
:103BD00002F714FA681C85B2A0680068A842CFDA20
:103BE0000125FCE3C5EBC50101EB4511606800EB65
:103BF000C100B0F8BE0000283ADD44F62062294634
:103C0000204602F039F80646C5EBC50202EB451224
:103C1000616801EBC201A1F8C460300CC5EBC502BC
:103C200002EB4512616801EBC201A1F8C200C5EBCD
:103C3000C50101EB4511606800EBC100B0F8C2009E
:103C400088B9C5EBC50101EB4511606800EBC10007
:103C5000B0F8BE00C5EBC50202EB4512616801EB8E
:103C6000C201A1F8C2001C222946204602F7C6F96B
:103C7000C5EBC50101EB4511606800EBC100808810
:103C80000B9041F27073082220680B99FFF665FFD4
:103C900082460AF0040000280ADD0120C5EBC502B7
:103CA00002EB4512616801EBC20181F8C90009E02D
:103CB0000020C5EBC50202EB4512616801EBC201B1
:103CC00081F8C90041F270734FF4887220680B9933
:103CD000FFF643FF074600BF00200690834607F427
:103CE0004070B0F5007F05D10698401CC0B2069028
:103CF0004BF0010B07F44060B0F5006F05D106985A
:103D0000401CC0B206904BF0020B07F44050B0F5D7
:103D1000005F05D10698401CC0B206904BF0040B22
:103D200007F44040B0F5004F05D10698401CC0B2E2
:103D300006904BF0080B41F27073072220680B9934
:103D4000FFF60BFF8246C5EBC50202EB4512616828
:103D500001EBC20181F8CAA00698C5EBC50202EBCF
:103D60004512616801EBC20181F8CB00C5EBC501CA
:103D700001EB4511606800EBC10080F8CCB0002079
:103D8000C5EBC50202EB4512616801EBC201A1F867
:103D9000CE00012D46DD0990681E00B2089009E0B2
:103DA00065635F636F6E6669675F696E697420251E
:103DB000640D0A0000BF61680898C0EBC00202EB06
:103DC000401001EBC00090F8CB70012F03D109988F
:103DD000401E00B20990032F03D10998401C00B285
:103DE0000990042F03D10998801C00B2099009980A
:103DF000002801DB012F02DC089801280BD108986C
:103E0000C5EBC50202EB4512616801EBC201A1F8E6
:103E1000CE00012008900898401E00B20890089833
:103E20000028C8DCFE4B01222946204602F089FA10
:103E3000C5EBC50101EB4511606800EBC100B0F8AE
:103E4000BE0000287EDD0120C5EBC50202EB451255
:103E5000616801EBC20181F871000221C5EBC50266
:103E600002EB4512606800EBC20080F8721003217B
:103E7000C5EBC50202EB4512606800EBC20080F89A
:103E800073100421C5EBC50202EB4512606800EB1C
:103E9000C20080F87410C5EBC50101EB45116068E4
:103EA00000EBC100B0F8C000C5EBC50202EB451243
:103EB000616801EBC201A1F83100C5EBC50101EB5E
:103EC0004511606800EBC100B0F8BE10C5EBC5023B
:103ED00002EB4512606800EBC200A0F83310D14934
:103EE000C5EBC50202EB4512606800EBC200C0F8EA
:103EF0003510C5EBC50101EB4511606800EBC10051
:103F0000B0F8C410C5EBC50202EB4512606800EBC7
:103F1000C200A0F83910C5EBC50101EB451160687E
:103F200000EBC100B0F8C210C5EBC50202EB4512B0
:103F3000606800EBC200A0F83B10BA49091FC5EB4E
:103F4000C50200E016E002EB4512606800EBC2001B
:103F5000C0F83D1044F620622946204601F08CFE50
:103F60000646C5EBC50202EB4512616801EBC201D2
:103F7000A1F8C660002004900E98012804D12946BB
:103F8000204600F7EFFB0490049800287ED12946D4
:103F9000204601F7ADF90028F8D11E222946204617
:103FA00002F071F91FFA80F8B8F1000F6FD008F134
:103FB000070082B22946204602F705FCC5EBC50280
:103FC00002EB4512616801EBC20181F8FC0008F1C7
:103FD000080082B22946204602F7F5FBC5EBC50270
:103FE00002EB4512616801EBC20181F8FD0008F1A6
:103FF000090082B22946204602F7E5FBC5EBC5025F
:1040000002EB4512616801EBC20181F8FE0008F184
:104010000A0082B22946204602F7D5FBC5EBC5024D
:1040200002EB4512616801EBC20181F8FF0008F163
:104030000D0082B22946204602F7C5FB00F00200BF
:10404000002810DD0120C5EBC50202EB45126168B6
:1040500001EBC20181F80201606890F80201401C86
:10406000616881F8020108F10E0082B229462046FB
:1040700002F7A9FBC5EBC50202EB4512616801EB33
:10408000C201A1F8000108F10F0001E033E12AE0CC
:1040900082B22946204602F796FBC5EBC50202EB29
:1040A0004512616801EBC201B1F8001101EB00207B
:1040B00001B2C5EBC50202EB4512606800EBC2001D
:1040C000A0F80011C5EBC50101EB4511606800EBDC
:1040D000C100B0F800016168B1F80011084400B2F5
:1040E0006168A1F800010A222946204602F0CBF8B7
:1040F00000280EDDC5EBC50202EB4512606800EB3F
:10410000C20000F5867101232A46204602F7DFFB34
:104110001BE0C5EBC50C0CEB451C616801EBCC0149
:10412000CB68C5EBC50C0CEB451C616801EBCC0101
:104130008A68C5EBC50C0CEB451C616801EBCC0132
:1041400001F5867038A1FFF61FFA29462046626CF9
:1041500002F74BFA03900398002860DD606C8088BA
:10416000C5EBC50202EB4512616801EBC201A1F883
:104170003100606CC188C5EBC50202EB4512606876
:1041800000EBC200A0F83310606C007A616C897A91
:1041900000EB0141C5EBC50202EB4512606800EB84
:1041A000C200C0F83510606CC07AC5EBC50202EBE6
:1041B0004512616801EBC20181F871004FF00109FD
:1041C0004AE0606C8188C5EBC50202EB451260686D
:1041D00000EBC200313000EBC9000180606CC18887
:1041E000C5EBC50202EB4512606800EBC20031303E
:1041F00000EBC9004180606C007A616C897A00EB49
:104200000141C5EBC50202EB4512606800EBC2003C
:10421000313000EBC9004160606CC17A0EE026E0ED
:1042200080841E00260001003F204D3A25382E389C
:104230007820493A25382E3878000000C5EBC502B1
:1042400002EB4512606800EBC200713000F8091003
:1042500009F1010000F0FF09B9F1080F07DA4B4638
:1042600029462046626C02F743FA0028A9D1294664
:104270002046A26C01F0A5FFE8B3A06CC078FF282F
:104280000AD0A06CC078C5EBC50202EB451261688C
:1042900001EBC20181F8B900A06C0079FF280AD0B7
:1042A000A06C0079C5EBC50202EB4512616801EB19
:1042B000C20181F8BA00A06C407900E0BFE0FF289D
:1042C0000AD0A06C4079C5EBC50202EB45126168CB
:1042D00001EBC20181F8BB00A06C8079FF280AD0F5
:1042E000A06C8079C5EBC50202EB4512616801EB59
:1042F000C20181F8BC00C5EBC50101EB4511606846
:1043000000EBC100B0F8BE00002869DDC5EBC501B7
:1043100001EB4511606800EBC100B0F8310060BBF3
:10432000294649A0FEF718F94FF48051C5EBC502A4
:1043300002EB4512606800EBC200A0F8311080214A
:10434000C5EBC50202EB4512606800EBC200A0F8A5
:1043500033104D49C5EBC50202EB4512606800EB16
:10436000C200C0F835100120C5EBC50202EB4512B2
:10437000616801EBC20181F87100C5EBC50101EB79
:104380004511606800EBC100B0F8390048BB294610
:104390003E48FEF7E1F84FF48451C5EBC50202EB4D
:1043A0004512606800EBC200A0F839108021C5EB0F
:1043B000C50202EB4512606800EBC200A0F83B109A
:1043C0003149091FC5EBC50202EB4512606800EBDD
:1043D000C200C0F83D100221C5EBC50202E029E091
:1043E00019E006E002EB4512606800EBC20080F8BD
:1043F000721041F27071C5EBC50202EB45126068A4
:1044000000EBC2003130CDE900011023DA01206851
:104410000B99FEF783FD2946204600F73BFE41F24B
:104420007070009012231A0120680B99FFF6A8FB08
:10443000681C85B2A0680068A842BFF6D3AB059897
:104440000FB0BDE8F08F0000536C617665202564E5
:1044500020686173206E6F2070726F706572206DBE
:1044600061696C626F7820696E20636F6E66696740
:1044700075726174696F6E2C207472792064656640
:1044800061756C742E0D0A0026000100946E000800
:104490002DE9F04F85B004468A461546002002906B
:1044A000834600268046A068006800287EDD60699B
:1044B000A842FBDD2A465146EAA0FEF74DF805EB7F
:1044C000850101EB4511206950F831000290DDF8BB
:1044D00008B00020039005EB850202EB451221692C
:1044E00001EBC201888305EB850202EB45122169CD
:1044F00001EBC201488405EB850202EB45122169FC
:1045000001EBC201888429462046FFF7F1F9012713
:104510003DE000BF55B1C7EBC70101EB4711606833
:1045200000EBC10090F80301A8422ED1C7EBC701F0
:1045300001EB4711606800EBC100008B18B303A8C2
:1045400002A93BB22A46CDE9001051462046FFF6AB
:104550007FFE0298A0EB0B09DDF808B008EB09001C
:1045600040F2BA5188420FD905EB850101EB4511A4
:10457000206900EBC100283040F826803F2E04DA85
:10458000701C86B2C84600E0C844781C87B2A06898
:104590000068B842BDDA9DF80C0008B30298401CD0
:1045A0000290DDF808B00020039000E058E108F127
:1045B000010040F2BA51884210D905EB850101EBA8
:1045C0004511206900EBC100283040F826803F2EBD
:1045D00006DA701C86B24FF0010801E008F101080C
:1045E00005EB850101EB4511206900EBC100C0F826
:1045F00008A0029805EB850202EB4512216901EB48
:10460000C2014860701C05EB850202EB451221696E
:1046100001EBC201888305EB850101EB451120699F
:1046200000EBC100C68305EB850202EB4512216950
:1046300001EBC201A1F820802DB96068C0F820A06C
:1046400002986168C861012789E0C7EBC70101EBE7
:104650004711606800EBC1008088049055B1C7EB3A
:10466000C70101EB4711606800EBC10090F803013E
:10467000A84272D1C7EBC70101EB4711606800EB9C
:10468000C100C08C18B303A802A93BB22A46CDE9E9
:10469000001051462046FEF77DFE0298A0EB0B0964
:1046A000DDF808B008EB090040F2BA5188420FD992
:1046B00005EB850101EB4511206900EBC1002830B5
:1046C00040F826803F2E04DA701C86B2C84600E00F
:1046D000C8443946204600F7DDFC41F27070009076
:1046E00004234FF4907220680499FFF649FAC7EB4F
:1046F000C70101EB4711606800EBC10090F80201AF
:1047000080B105EB850101EB4511206900EBC1008B
:10471000807E401C05EB850202EB4512216901EB0E
:10472000C201887605EB850101EB4511206900EB9C
:10473000C100008BC7EBC70202EB4712616801EBB7
:10474000C201B1F80011084400B205EB850202EB8A
:104750004512216901EBC2010883781C87B2A06869
:104760000068B842BFF671AF9DF80C00F0B1029836
:10477000401C029000BF0020039008F1010040F2AD
:10478000BA51884210D905EB850101EB451120692A
:1047900000EBC100283040F826803F2E06DA701C5E
:1047A00086B24FF0010801E008F1010805EB850130
:1047B00001EB4511206900EBC100283040F826804C
:1047C000701C05EB850202EB4512216901EBC20169
:1047D000888305EB850101EB4511206900EBC100E1
:1047E0004068504405EB850202EB4512216901EB5C
:1047F000C201086105EB850101EB4511206900EB61
:10480000C10040680299081A05EB850202EB4512C7
:10481000216901EBC201C86055B96068C0695044A4
:104820006168C8626068C0690299081A6168886234
:1048300005EB850202EB4512206950F83200029A1E
:10484000111A12A0FDF788FE05EB850101EB451159
:10485000206950F831000299081A05B0BDE8F08FC0
:104860000020FAE765635F636F6E6669675F6D617D
:10487000705F67726F757020494F6D61703A257077
:104880002067726F75703A25640D0A00494F6D619B
:104890007053697A652025640D0A00002DE9F04FF8
:1048A0008BB00546894692461C46149EC9EBC90149
:1048B00001EB4911686800EBC100B0F804B00020BA
:1048C00008904FF4FA6008A9CDE90010012340F6E2
:1048D000811259462868FEF721FBBAF1000F01D07A
:1048E00003200890002009904FF4FA6009A9CDE94F
:1048F000001001234FF4186259462868FEF70EFB9A
:104900000021049105914FF4FA6004A9CDE900104B
:1049100008234FF4116259462868FEF7C2FADDE910
:104920000401CDE90401D4B1364ADDE904309F1811
:1049300040F10001224600233846FBF773FB0022BA
:104940000B46A0FB041703FB047300FB023009199C
:104950005041891940EBE670CDE906100AE0294B79
:10496000DDE90420D11840F10000891940EBE67020
:10497000CDE90610DDE90601CDE906014FF4FA6044
:1049800006A9CDE900104FF008034FF4196259460B
:104990002868FEF7C3FA03944FF4FA6003A9CDE93F
:1049A000001004234FF41A6259462868FEF7B6FA3D
:1049B0004FF4FA6008A9CDE90010012340F68112F6
:1049C00059462868FEF7AAFAC9EBC90101EB49115B
:1049D000686800EBC10080F8F4A0C9EBC90101EBE5
:1049E0004911686800EBC100C0F8F060C9EBC9016B
:1049F00001EB4911686800EBC100C0F8EC400BB056
:104A0000BDE8F08F00E1F5052DE9FF470646884631
:104A100014461F464FF00009CA46394602A801F065
:104A2000FDFD00BFB9F1000009F1010902D0C82065
:104A300002F767F9002020804FF4FA60CDE90040CA
:104A4000022340F2025241463068FEF72AFA054638
:104A500020882080002D04DD208800F400400028FC
:104A600004DD02A802F721F90028DBD0208800F439
:104A7000004008B94FF0010A1FFA8AF004B0BDE8FF
:104A8000F08700000020002105E0044A02EB01123B
:104A900052681044491C0129F7DB7047800200244A
:104AA0002DE9F74F82B082460D46049808B9544666
:104AB00003E04CF6902050F80A404FF0FF30019090
:104AC00040F2F7206843216901EB4006102D17DA08
:104AD000606950F82500032812D13078717801F010
:104AE0000F0100EB012816F8081008F10100305CF6
:104AF00001EB002001900420616941F825005FE08E
:104B00005046049901F7A4FB002859D06FF001002A
:104B10000190D4F80C9048F6A40002F700F9B9F817
:104B20000C1088424CD1E06800F10E0BBBF800007D
:104B3000C0F30B089BF80370AF421ED1A06850F879
:104B40002500A0F10E02E06800F10E013046FBF6F0
:104B5000E0FB16F8081008F10100305C01EB0020C2
:104B600001900420616941F82500B9F8080001F0BE
:104B70008BFDA16941F8250022E0102F20DA606941
:104B800050F8270002281BD140F2F7207843216912
:104B900001EB4006A06850F82700A0F10E02E06883
:104BA00000F10E013046FBF6B4FB0320616941F8C9
:104BB0002700B9F8080001F067FDA16941F8270056
:104BC000019805B0BDE8F08F70B504460020A168DB
:104BD00008604FF49C73E26802FB03F16068FBF726
:104BE00059FA4FF49473626902FB03F12069FBF7F1
:104BF00051FA4FF480520021204601F7E4FD0025D0
:104C000008E0280405EB850202EB4512216941F812
:104C100032006D1C6069A842F3DC70BD2DE9F74FCE
:104C20008AB004460D46002006908346079005EBA7
:104C3000850101EB4511206900EBC100007D08B141
:104C4000012006900C9801282DD105EB850101EB80
:104C50004511206900EBC100416805EB850202EBBC
:104C60004512206900EBC200C068814208D905EBFB
:104C7000850101EB4511206900EBC100406807E0A8
:104C800005EB850101EB4511206900EBC100C0680F
:104C9000804605EB850101EB4511206900EBC10061
:104CA0004068059013E005EB850101EB4511206993
:104CB00000EBC100416805EB850202EB451220695B
:104CC00000EBC200C06801EB00080020059005EB76
:104CD000850101EB4511206950F83170B8F1000FE2
:104CE0007DD00120079005EB850101EB451120697E
:104CF00000EBC100807E002872D005EB850101EB3E
:104D00004511206900EBC100C068002869D005EB9F
:104D1000850101EB4511206900EBC100B0F81EB020
:104D200005EB850101EB4511206900EBC100D0F8CE
:104D3000109005EB850101EB4511206900EBC100E6
:104D4000D0F80C8005EB850101EB4511206900EBE3
:104D5000C1004068074400BF05EB850101EB451128
:104D6000206900EBC100C08B584517D105EB8501C8
:104D700001EB4511206900EBC100283059464A1C5F
:104D80001FFA82FB50F8211005EB850202EB451259
:104D9000206900EBC200008C0E1A0DE005EB8501C6
:104DA00001EB4511206900EBC100283059464A1C2F
:104DB0001FFA82FB50F82160206800F7A8F900F084
:104DC000FF0AB9B20991380C0890B2B2DDE90810B7
:104DD0008DE8070246F2745322681A4402E0E0E0CC
:104DE000FAE056E040F2F7231AFB03F302EB43012B
:104DF00053460A22206801F01AF9069868B36686BD
:104E000008224FF4116305EB850C0CEB451C21695E
:104E100001EBCC01C98AC1EBC10C0CEB4111D4F8F8
:104E200004C00CEBC1018988606BCDE902320191AD
:104E300004900020009046F274532268134440F21C
:104E4000F7220AFB02F203EB420153460E222068CE
:104E5000FFF6B7F92086002006905146206800F73B
:104E6000E7FFB3B24A465146204600F0FCFBA8EBF0
:104E700006083744B144B8F1000F0AD005EB8501AC
:104E800001EB4511206900EBC100808B58453FF7CD
:104E900063AF05EB850101EB4511206900EBC10013
:104EA000406800287DD005EB850101EB45112069A4
:104EB00000EBC100D0F8089005EB850101EB45112E
:104EC000206900EBC100D0F8048005EB850101EBFF
:104ED0004511206950F831704FF0000B00BF05EB11
:104EE000850101EB4511206900EBC10028305946CE
:104EF0004A1C1FFA82FB50F82160B8EB060000D56F
:104F00004646206800F703F900F0FF0AB9B209919C
:104F1000380C0890B2B2DDE908108DE8070246F2BD
:104F2000745322681A4440F2F7231AFB03F302EB8E
:104F3000430153460B22206801F079F8069868B3C4
:104F4000668608224FF4116305EB850C0CEB451CBB
:104F5000206900EBCC00C08AC0EBC00C0CEB401009
:104F6000D4F804C00CEBC0008088616BCDE902323C
:104F7000049101900020009046F27453226813447B
:104F800040F2F7220AFB02F203EB420153460E22E3
:104F90002068FFF616F9208600200690514620680A
:104FA00000E018E000F744FFB3B24A4651462046FD
:104FB00000F059FBA8EB06083744B144B8F1000FE4
:104FC00009D005EB850101EB4511206900EBC1001B
:104FD000808B584583DC96E005EB850101EB45119C
:104FE000206900EBC100406848B105EB850101EB89
:104FF0004511206900EBC100D0F808900AE005EBEC
:10500000850101EB4511206900EBC100D0F810903B
:105010000020059000BF05EB850101EB45112069DB
:1050200000EBC100283059464A1C1FFA82FB50F899
:105030002160206800F76BF800F0FF0AB9B209910F
:10504000380C0890B2B2DDE908108DE8070246F28C
:10505000745322681A4440F2F7231AFB03F302EB5D
:10506000430153460C22206800F0E1FF069868B324
:10507000668608224FF4116305EB850C0CEB451C8A
:10508000206900EBCC00C08AC0EBC00C0CEB4010D8
:10509000D4F804C00CEBC0008088616BCDE902320B
:1050A000049101900020009046F27453226813444A
:1050B00040F2F7220AFB02F203EB420153460E22B2
:1050C0002068FFF67EF82086002006905146206872
:1050D00000F7AEFEB3B2059809EB00025146204638
:1050E00000F0C1FAA8EB06083744B144B8F1000F4C
:1050F00009D005EB850101EB4511206900EBC100EA
:10510000808B584587DC07980DB0BDE8F08F2DE9FE
:10511000F04186B005460F461646314603A801F019
:105120007DFAC7EBC70101EB4711686800EBC100CE
:10513000B0F8048000BF002005904FF4FA6005A984
:10514000CDE90010012340F6050241462868FDF72D
:10515000A8FE04469DF8140005909DF8140000F088
:10516000080020B1C82E02DDC82001F7CAFD002CBE
:1051700004DD9DF8140000F0080020B103A801F739
:1051800094FD0028D7D0002C08DD9DF8140000F015
:10519000080018B9012006B0BDE8F0810020FAE748
:1051A00070B588B006460C461546182102A8FAF7D5
:1051B00071FF684601F760FDDDE90001CDE90201FC
:1051C000ADF812400020ADF814008DF8160009204B
:1051D0008DF81700ADF8185002A9304600F000FA1B
:1051E00008B070BD2DE9F04F8BB0044688461546D7
:1051F00099460026C8EBC80101EB4811606800EB36
:10520000C10080880990C8EBC80101EB48116068B3
:1052100000EBC100B0F8C2A0BAF1000F7EDD40F291
:10522000CE5082457ADC494603A801F0F7F900BF69
:1052300000BF002007904FF4FA6007A9CDE90010E5
:10524000022340F60D0220680999FDF72AFE064662
:10525000BDF81C000790BDF81C0000F0080028B93C
:10526000B9F1C80F02DDC82001F74BFD002E04DDA7
:10527000BDF81C0000F0080020B903A801F715FDD7
:105280000028D6D0002E7DDDBDF81C0000F00800FF
:105290000028F8DDC8EBC80101EB4811606800EB9D
:1052A000C100B0F8C4000A90AB4600BF4FF4FA60EA
:1052B000CDE9005053462068DDE90912FDF7F1FD04
:1052C0000646002E0DDD9BF8050000F00F0040B9EA
:1052D0000595059D2A8941462046FFF761FF002676
:1052E00083E0002E1BDD9BF8050000F00F00032873
:1052F00015D12F463D46F8880121B1EB203F74D1EE
:10530000F889B989FA7ACDE900210290BB7A3A8905
:105310004146204600F71AFD002666E070E0002EA8
:1053200063DCBDF81C0080F400700790BDF81C0021
:1053300007904FF4FA6007A9CDE90010022340F668
:105340000D0220680999FDF7E9FD0890BDF81C00E1
:10535000079000BF4FF4FA6006A9CDE900100123C1
:1053600040F60F0220680999FDF79BFD0890089808
:1053700000280CDD9DF8180000F00200BDF81C109C
:10538000022200E03AE002EA2121884204D003A888
:1053900001F78BFC0028DDD000BF4FF4FA6007A9AD
:1053A000CDE90010022340F60D0220680999FDF7AF
:1053B00078FD0890BDF81C000790BDF81C0000F0B7
:1053C000080028B9B9F1C80F02DDC82001F799FC1F
:1053D0000898002804DDBDF81C0000F0080020B982
:1053E00003A801F762FC0028D7D0002E07DC03A831
:1053F00001F75BFC00283FF459AF00E0002600BF36
:1054000030460BB0BDE8F08F2DE9F04706460D465B
:10541000174600BF0FB9344602E04CF6902084597D
:10542000A06850F825800220616941F8250040F20B
:10543000F7216943626802EB41004146FDF736FC03
:1054400081464846BDE8F08730B502460B4600204D
:10545000C3EBC30505EB4315546804EBC50494F88E
:10546000CD1001F008041CB1032001F0F70113E096
:1054700001F002041CB1012001F0FD010CE001F07B
:1054800004041CB1022001F0FB0105E001F001045D
:1054900014B1002001F0FE01C3EBC30505EB431579
:1054A000546804EBC50484F8CD1030BD30B5034614
:1054B00032B1012A0ED0022A16D0032A28D11DE0CB
:1054C000C1EBC10505EB41155C6804EBC504D4F8DC
:1054D000D4001FE0C1EBC10505EB41155C6804EB8E
:1054E000C504D4F8D80015E0C1EBC10505EB4115A2
:1054F0005C6804EBC504D4F8DC000BE0C1EBC1052B
:1055000005EB41155C6804EBC504D4F8E00001E04C
:10551000002000BF00BF30BD70B503460C461046EA
:10552000C4EBC40606EB44165D6805EBC60595F8AA
:10553000CC1032B1012A13D0022A20D0032A3CD148
:105540002CE001F004050DB1022008E001F0020595
:105550000DB1012003E001F0080505B103202CE0A6
:1055600001F008050DB1032008E001F001050DB1BF
:10557000002003E001F0040505B102201DE001F068
:1055800002050DB1012008E001F008050DB103206E
:1055900003E001F0010505B100200EE001F0010576
:1055A0000DB1002008E001F004050DB1022003E078
:1055B00001F0020505B1012000BF00BF70BD01462A
:1055C0004FF0FF308A6A52788B6A1B789A4206DA6B
:1055D0008A6A50788A6A5278521C8B6A5A7070476D
:1055E00070B504460D46616A091D626AB2F9002071
:1055F00002EB420201EBC20018222946FAF689FEAC
:105600000121606A001D626AB2F9002002EB4202C9
:1056100000EBC2000172606A0088401C00B2616A3F
:105620000880606AB0F90000402802DD0020616A4D
:105630000880606AB0F90000616AB1F9021088421E
:1056400005D1606A4088401C00B2616A4880606A87
:10565000B0F90200402802DD0020616A4880012084
:10566000E16A087070BD30B5846A2478102C15DAB0
:10567000846AA41C856A2D786155846A1434856A0D
:105680002D7844F82520846A5434856A2D7824F8CE
:105690001530846A2478641C856A2C7030BD000043
:1056A0002DE9F04FA9B082468B4614461D460020D6
:1056B00028902860206000269CE084202790554890
:1056C00006A927AA1823CDE90032CDE90210F2B2CB
:1056D000402359465046FEF661FC8046B8F1000F63
:1056E00039DD2799042936DBBDF8180000EBD071AD
:1056F0004910B1F100092EDDB9F1400F2BDC10206B
:105700002060002725E004202790424905AA27AB06
:1057100007A830F81700CDE9013203910090F2B2EA
:10572000042359465046FEF639FC8046B8F1000F76
:105730000DDD9DF81600C0F3800040B99DF81600FD
:1057400000F0030208209040216808442060781C83
:1057500087B24F45D7DB842027902E4806A927AA79
:105760001023CDE90032CDE90210F2B240235946B0
:105770005046FEF613FC8046B8F1000F39DD27993C
:10578000042936DBBDF8180000EBD0714910B1F1E7
:1057900000092EDDB9F1400F2BDC10202860002716
:1057A00025E0042027901B4905AA27AB07A830F85D
:1057B0001700CDE9013203910090F2B2042359465B
:1057C0005046FEF6EBFB8046B8F1000F0DDD9DF86C
:1057D0001600C0F3800040B99DF8160000F00302E7
:1057E00008209040296808442860781C87B24F45FB
:1057F000D7DB761C082EFFF660AF2868002802DC95
:105800002068002801DD01202890289829B0BDE8F3
:10581000F08F000060AE0A002DE9FF4F87B004460C
:10582000154699460020059040F202200490002081
:1058300005EB0522E16B01F81200374905EB052263
:10584000E06B00EB420004AA0123CDE90032CDE970
:10585000020100234A4620460899FDF7B3FB069053
:105860000698002854DD05EB0521E06B10F81100C7
:1058700000284DDD05EB0521E06B10F811A000209C
:105880000590012642E005EB0521E06B00EB4100AD
:10589000801C711E00EB4100B0F80080B8F1000FD1
:1058A00032DD40F202400490002005EB4522216CDD
:1058B00001F81200184905EB4522206C00EB42006C
:1058C00004AA0123CDE90032CDE9020100234246BA
:1058D00020460899FDF776FB069005EB4521206CE4
:1058E00010F811B001270DE005EB4521206C00EB0D
:1058F0004100801C791E10F821100598084405907D
:10590000781C87B25F45EFDD701C86B25645BADD64
:1059100005980BB0BDE8F08F60AE0A002DE9F04F9E
:1059200089B005460E469046994600200790C9F872
:105930000000C8F80000834601200890002006906F
:10594000664806A908AA0023CDE90032CDE9021075
:105950004FF4E05231462846FDF734FB8246BAF157
:10596000000F7CDD9DF818000228FADD9DF8180074
:10597000082801DD0820069002249CE00120089000
:1059800000200590554805A908AA0023CDE900325A
:10599000CDE90210601CC3B24FF4E05231462846F4
:1059A000FDF710FB8246BAF1000F7CDDC6EBC601A5
:1059B00001EB4611686800EBC1007130005D9DF895
:1059C0001410884209D0C6EBC60101EB4611686885
:1059D00000EBC1007130005D0590022C05D19DF8EF
:1059E0001400022801D14FF0010B9DF8140020B1E2
:1059F0009DF814005844C0B20590022C04D19DF8C3
:105A0000140008B903200590032C04D19DF814005C
:105A100008B9042005909DF81400B8B9C6EBC6017A
:105A200001EB4611686800EBC100313000EBC400A7
:105A3000406820F48031C6EBC60202EB461268686B
:105A400000EBC200313000EBC40041609DF814004F
:105A5000032803D09DF8140004282AD100E02FE089
:105A600041F6104022183146284600F741FA074611
:105A7000CFB1F81DC11700EB5171C1F3CF02C6EBD6
:105A8000C60303EB4613696801EBC301313101EB37
:105A9000C4014A809DF81400032805D1D8F80000FD
:105AA0003844C8F8000004E0D9F800003844C9F8C8
:105AB0000000601CC4B29DF818008442FFF65EAF7F
:105AC000D9F80000002803DCD8F80000002801DD28
:105AD00001200790079809B0BDE8F08F60AE0A007A
:105AE0002DE9F04F89B004460F4691469A46DDF8FD
:105AF00048B000200690CBF80000CAF800000490DF
:105B00000A200790002009EB8902A16B01F812001E
:105B1000584909EB8902A06B00EB420007AA012358
:105B2000CDE90032CDE9020100234FF4E0523946BD
:105B30002046FDF747FA0890089800287DDD09EB1C
:105B40008901A06B10F811000228F7DD09EB89012B
:105B5000A06B10F8110005900598082809DD0820B1
:105B600005900A2000231A4639460090204600F787
:105B700095F902256CE0C7EBC70101EB471160689E
:105B800000EBC1007130415DA06B801C405D814223
:105B900008D0C7EBC70101EB4711606800EBC100FB
:105BA0007130465D022D03D1022E01D101200490F7
:105BB00016B104983044C6B2BEB9C7EBC70101EBB9
:105BC0004711606800EBC100313000EBC500406850
:105BD00020F48031C7EBC70202EB4712606800EB8C
:105BE000C200313000EBC5004160032E01D0042E0D
:105BF0002CD141F610402B184A4639462046FFF773
:105C00000BFE8046B8F1000F20D008F10700C11745
:105C100000EB5171C1F3CF02C7EBC70303EB47138E
:105C2000616801EBC301313101EBC5014A80032EEC
:105C300007D1DAF80000404400E00CE0CAF80000A8
:105C400004E0DBF800004044CBF80000681CC5B25B
:105C5000059885428FDBDBF80000002803DCDAF8CA
:105C60000000002801DD01200690069809B0BDE87B
:105C7000F08F000060AE0A002DE9FF4704460E4693
:105C800017464FF00009C6EBC60101EB46116068EC
:105C900000EBC100B0F804800020029003903B4666
:105CA00003AA41462046FEF7AFFEA0B100BF4FF465
:105CB000FA6002A9CDE9001004234FF4A162414625
:105CC0002068FDF7EEF80546002D04DC484609F192
:105CD00001090328EBDB029804B0BDE8F0872DE949
:105CE000F04788B00546894690469A46002700212D
:105CF0000491059100200690534607AA494628467C
:105D0000FEF782FE00287ED0BDF81C0000F4F040B3
:105D100070B10020079041F2707007A9CDE9001022
:105D2000022340F2025249462868FDF7F7F804467C
:105D300000BF4FF48070ADF80800ADF80A80002075
:105D4000ADF80C00002600BF4FF4FA6002A9CDE9BF
:105D50000010062340F2025249462868FDF7DEF89B
:105D60000446002C03DC3046761C0328ECDB002CB8
:105D70004ED0C82000F7C5FF00200790534607AA61
:105D800049462846FEF740FE002841D0BDF81C00D9
:105D900000F4005028B17F1C4FF47A7000F7B1FF77
:105DA00036E00027BDF81C0000F04000A8B1002636
:105DB00000BF4FF4FA6004A9CDE9001008234FF4A6
:105DC000A16249462868FDF76CF80446002C1FDCE8
:105DD0003046761C0328ECDB1AE0002600BF4FF4A7
:105DE000FA6006A9CDE9001004234FF4A1624946E8
:105DF0002868FDF756F80446002C03DC3046761C74
:105E00000328ECDB00E007E000210698CDE904015F
:105E1000002F01DD032F8CDBDDE9040108B0BDE8B4
:105E2000F0872DE9F04FADF5077D04460020049082
:105E300086904FF4FA6086A9CDE9001002234FF452
:105E4000987200212068FDF682FD0390A068016829
:105E50000398814201DC01200490BDF8180286906D
:105E6000BDF8180200F00F08BDF8180200F010008D
:105E700028B94FF0010B00206168488001E04FF025
:105E8000000BB8F1090F10D2DFE808F00F05060784
:105E9000080F0F0F090000BF00BF00BF00BF0120A7
:105EA00005906068A0F8008002E00020059000BF27
:105EB00000BFBBF1000F1DD00598D8B10498C8B140
:105EC000012511E00020C5EBC50202EB4512616817
:105ED00001EBC2014880C5EBC50101EB45116068CB
:105EE00020F83180681C85B2A0680068A842E9DA11
:105EF000C14687E00020616848804FF0FF09012615
:105F000000BFA068008887B2B81B402802DB06F1FA
:105F10003F0087B235461CE0002001900290C5EB9F
:105F2000C50101EB4511606800EBC100B0F804A0A9
:105F3000A81B06A921F810A0A81B00EB400026A969
:105F400001EB400001990160BDF808108180681CD8
:105F500085B2BD42E0DD41F270700090B81B411C7B
:105F600026AB06AA2046FDF65AFD35463FE0C5EBB6
:105F7000C50101EB4511606800EBC100B0F804A059
:105F8000A81B00EB400026A931F810008690A81B42
:105F900000EB400001EB40008088C5EBC50202EB3E
:105FA0004512616801EBC2014880BDF8180200F09B
:105FB0000F00484503DABDF8180200F00F09BDF8DC
:105FC0001802C5EBC50202EB4512616821F83200E8
:105FD000C5EBC50101EB4511606800EBC1004088CD
:105FE00061684988084361684880681C85B2BD4281
:105FF000BDDD781C86B2A0680068B84281DC6068AC
:10600000A0F8009048460DF5077DBDE8F08F00F53B
:10601000BE4343F821204CF68C231B5833B14CF679
:1060200090231B5803F5BE4343F8212070472DE908
:10603000F05F82460C4690469946DDF828B00C9DEC
:10604000274607F10E0641F20C002844308086F8FE
:10605000028086F80390A6F804B00B98F080358192
:106060002A46414607F11A000D9B00F7CEFC00219D
:1060700005F11A003954401C3954401C4CF254416B
:10608000514441F829000020BDE8F09F2DE9F0417E
:10609000044688461746002F54D04CF690200059ED
:1060A00000284CD04CF69020005900F11C064FF00F
:1060B000FF30306001214CF68C200151001D005949
:1060C0001C304CF690210959086046F27450211892
:1060D0004CF69020005941604CF2544021184CF687
:1060E0009020005981604CF69020005900F5BF4087
:1060F0004CF690210959C8604CF690200059203088
:106100004CF69021095908614CF69020005900F591
:10611000BE404CF69021095948614CF69020005938
:1061200045F6407101444CF69020005981614CF6CF
:106130009021095901F5BE40FDF71BF926E000202A
:10614000BDE8F0814FF0FF30E06100214CF688207F
:106150000151001D015146F27450204460604CF220
:1061600054402044A06004F5BF40E06004F12000EA
:10617000206104F5BE40606145F640702044A06196
:1061800004F5BE40FDF7F5F804F11C0600250FE00C
:1061900040F2F721694346F27452224402EB410077
:1061A000FDF68CFB002104F5BE4040F825106D1C67
:1061B000102DEDDB4CF294402044FDF67FFB0120D6
:1061C000BEE72DE9F04106460F461446C7EBC7016E
:1061D00001EB4711706800EBC10090F8FB800020D4
:1061E000A070E07020716071A0712822394630469D
:1061F00000F049F82080208800283ADD25882A46CA
:10620000691C8DB23946304600F7DDFAA0702A4687
:10621000691C8DB23946304600F7D5FAA17801EBFA
:106220000020A070A0784006000EA0702A46691CCD
:106230008DB23946304600F7C6FAE0702A46691C2E
:106240008DB23946304600F7BEFA2071A078022898
:106250000FDD2A46691C8DB23946304600F7B3FA85
:1062600060712A46691C8DB23946304600F7ABFA98
:10627000A071B8F1000F03D039463046FEF60AFF90
:10628000A078BDE8F0812DE9F0470746884616461C
:10629000C8EBC80101EB4811786800EBC10090F829
:1062A000FB9080242246641C4146384600F78BFA56
:1062B00005462246641C4146384600F784FA05EB41
:1062C000002085B22AE02046611C0CB282B2414611
:1062D000384600F778FA05462046611C0CB282B2B7
:1062E0004146384600F76FFA05EB002085B204EB13
:1062F000450004B22046611C0CB282B241463846C9
:1063000000F761FA05462046611C0CB282B2414694
:10631000384600F758FA05EB002085B2B54203D0A5
:106320004FF6FF708542CED1B54200D00024B9F1BE
:10633000000F03D041463846FEF6ACFE2046BDE8CD
:10634000F0872DE9F04387B004460D46174698467E
:10635000A0680068A84203DA002007B0BDE8F08317
:10636000414602A800F05AF9C5EBC50101EB451101
:10637000606800EBC100B0F8049000BF012D11DA95
:10638000002006904FF4FA6006A9CDE90010022320
:106390004FF4987200212068FDF6D9FABDF8180074
:1063A00006901DE00020ADF81000ADF814004FF489
:1063B000FA6004A9CDE9001006234FF4987249460B
:1063C0002068FCF76EFDBDF810000690BDF81400C3
:1063D000C5EBC50202EB4512616801EBC2014880C2
:1063E000BDF8180000F00F06BE4203D04FF47A70DB
:1063F00000F787FCBE4204D002A800F756FC002834
:10640000BCD0BDF81800C5EBC50202EB45126168AF
:1064100021F832003046A0E72DE9FC4106460F4640
:1064200014462146684600F0F9F839463046DDE961
:10643000002300F00BF80546002D04DA002239464F
:106440003046FFF7E4FD2846BDE8FC812DE9FF4317
:1064500083B004460D464FF0FF373E464CF68C2085
:10646000005900B9002600BF002F05DA0022294696
:106470002046FEF715FB07464CF68C20005938B134
:10648000002E05DA012229462046FEF709FB0646C2
:10649000002F01DB002E04DA05A800F706FC002817
:1064A000E2D04CF68C20005900287DD04FF0000837
:1064B000002F04DB45F64070204450F825804FF053
:1064C0000009002E07DB4CF69020005945F640717C
:1064D000084450F825904848408840451ED1474818
:1064E000408848451AD14CF690231B59203340F27E
:1064F000F72C05FB0CFC03EB4C014CF254432344FA
:1065000053F82530A3F10E0240F2F7236B4304F158
:10651000200C0CEB4300F9F6FCFE3746B8F1000FF7
:1065200003D135484088484507D034484088404525
:106530005DD131484088484559D130484088404570
:106540001DD12D484088484519D14CF2544323446D
:1065500053F82530A3F10E0240F2F7236B4304F108
:10656000200C0CEB430140F2F7236B4346F2745CC2
:10657000A4440CEB430303F10E00F9F6CAFE4FF4FA
:10658000FA6101A800F04AF8012229462046FEF7E8
:106590003BFF00BF012229462046FEF781FA06464E
:1065A000002E06DA01A800E021E000F77EFB0028BB
:1065B000F0D0002E1ADB4CF690231B59203340F20A
:1065C000F72C05FB0CFC03EB4C014CF25443234429
:1065D00053F82530A3F10E0240F2F7236B4304F188
:1065E000200C0CEB4300F9F694FE374600BF38460A
:1065F00007B0BDE8F08300008E6E0008886E0008CA
:1066000013B50C464FF6FF73012269460248FBF6AC
:106610005DFE00981CBD00000002002430B58BB068
:1066200004460D4601A800F727FBDDE90101CDE98D
:106630000901099807900A9808901248B5FBF0F0F4
:1066400005901048B5FBF0F100FB1150069000BF1B
:1066500005990798084403900699089808440490FF
:1066600008490498884205D30398401C0390049875
:10667000401A049000BF03982060049860600BB03B
:1066800030BD000040420F0001460A06120C42EAEB
:1066900011207047FFB583B004460D4617460F48DA
:1066A00006A902220023CDE9002102903A4629469C
:1066B0002046FCF727FB06462EB92A46214608A0AD
:1066C000FBF74AFF06E0BDF818302A4621460E487F
:1066D000FBF742FF304607B0F0BD0000809FD500B9
:1066E000736C617665496E646578202564207772E5
:1066F0006974652053444F3136206572726F722C75
:1067000020307825780D0A00706E10080100020014
:106710000400060008000A000C00100020004000E1
:1067200080000001010002000400060008000A00C9
:106730000C00100020004000800000010100020059
:106740000400060008000A000C00100020004000B1
:1067500080000001010002000400060008000A0099
:106760000C0010002000400080000001000000002C
:106770000000000000000000000000000000000019
:106780000000000000000000000000000000000009
:1067900000000000000000000000000000000000F9
:1067A00000000000000000000000000000000000E9
:1067B0000000000002000000522C4C04454B313117
:1067C0003030000000000000000000000000000069
:1067D00000000000000000000000000000000000B9
:1067E00000000000000100000000000000000000A8
:1067F0000000000000000000000000000200000097
:106800005230EA03454C31303032000000000000C5
:106810000000000000000000000000000000000078
:106820000000000000000000000000000002020064
:106830000000000000000000000000000000000058
:1068400000000000020000005230EC03454C3130E3
:1068500030340000000000000000000000000000D4
:106860000000000000000000000000000000000028
:106870000000000000020400000000000000000012
:106880000000000000000000000000000200000006
:106890005230F403454C313031320000000000002A
:1068A00000000000000000000000000000000000E8
:1068B00000000000000000000000000000020200D4
:1068C00000000000000000000000000000000000C8
:1068D00000000000020000005230F603454C313049
:1068E0003134000000000000000000000000000043
:1068F0000000000000000000000000000000000098
:106900000000000000020400000000000000000081
:106910000000000000000000000000000200000075
:106920005230FA03454C313031380000000000008D
:106930000000000000000000000000000000000057
:10694000000000000000000000000000000208003D
:106950000000000000000000000000000000000037
:1069600000000000020000005230D207454C3230D7
:1069700030320000000000000000000000000000B5
:106980000000000000000000000000000000000007
:1069900000000000000300000200000000000000F2
:1069A00000000000000000000000000002000000E5
:1069B0005230D407454C3230303400000000000023
:1069C00000000000000000000000000000000000C7
:1069D00000000000000000000000000000030000B4
:1069E00004000000000000000000000000000000A3
:1069F00000000000020000005230D807454C323041
:106A0000303800000000000000000000000000001E
:106A10000000000000000000000000000000000076
:106A2000000000000003000008000000000000005B
:106A30000000000000000000000000000200000054
:106A40005230F007454C3230333200000000000075
:106A50000000000000000000000000000000000036
:106A6000000000000000000000000000000602001E
:106A70000200000000000000000000000000000014
:106A8000000000000200000052301E0C454C333163
:106A90003032000000000000000000000000000094
:106AA00000000000000000000000000000000000E6
:106AB000000000000004300000000010240000006E
:106AC0000011000020000100000100000200000091
:106AD0005230280C454C33313132000000000000A8
:106AE00000000000000000000000000000000000A6
:106AF0000000000000000000000000000004300062
:106B0000000000102400000000110000200001001F
:106B100000010000020000005230320C454C3331BD
:106B20003232000000000000000000000000000001
:106B30000000000000000000000000000000000055
:106B400000000000000430000000001024000000DD
:106B50000011000020000100000100000200000000
:106B60005230460C454C33313432000000000000F6
:106B70000000000000000000000000000000000015
:106B800000000000000000000000000000043000D1
:106B9000000000102400000000110000200001008F
:106BA00000010000020000005230500C454C33310F
:106BB000353200000000000000000000000000006E
:106BC00000000000000000000000000000000000C5
:106BD000000000000004300000000010240000004D
:106BE0000011000020000100000100000200000070
:106BF00052305A0C454C3331363200000000000050
:106C00000000000000000000000000000000000084
:106C10000000000000000000000000000004300040
:106C200000000010240000000011000020000100FE
:106C300000010000020000005230C00F454C34300B
:106C400033320000000000000000000000000000DF
:106C50000000000000000000000000000000000034
:106C600000000000000500002000001124000100C9
:106C7000801100002200000001000000020000005E
:106C800052300610454C3431303200000000000014
:106C900000000000000000000000000000000000F4
:106CA00000000000000000000000000000050000DF
:106CB000200000102400010000110000220000004C
:106CC000010000000200000052301010454C343129
:106CD0003132000000000000000000000000000051
:106CE00000000000000000000000000000000000A4
:106CF000000000000005000020000010240001003A
:106D0000001100002200000001000000020000004D
:106D100052301A10454C343132320000000000006D
:106D20000000000000000000000000000000000063
:106D3000000000000000000000000000000500004E
:106D400020000010240001000011000022000000BB
:106D5000010000000200000052302410454C343184
:106D600033320000000000000000000000000000BE
:106D70000000000000000000000000000000000013
:106D800000000000000500002000001024000100A9
:106D900000110000220000000100000002000000BD
:106DA0005230ED13454C3531303100000000000009
:106DB00000000000000000000000000000000000D3
:106DC0000000000000000000000000000007280094
:106DD0001800001024000100001100002000010034
:106DE00001010000FFFFFFFF0000000000000000A5
:106DF0000000000000000000000000000000000093
:106E00000000000000000000000000000000000082
:106E10000000000000000000000000000000000072
:106E2000000000000000000000000000736C6176AC
:106E300065496E6465782025642073646F5F696EB0
:106E400064657820307825782073646F5F76616C94
:106E500075652030782578207772697465205344F1
:106E60004F333220636F6D706C657465210D0A00BD
:106E7000736C617665496E6465782025642073645F
:106E80006F5F696E64657820307825782073646F51
:106E90005F76616C7565203078257820777269742B
:106EA000652053444F313620636F6D706C65746597
:106EB000210D0A00736C617665496E646578202542
:106EC000642073646F5F696E64657820307825781C
:106ED0002073646F5F76616C75652030782578204B
:106EE00077726974652053444F3820636F6D706CFE
:086EF000657465210D0A000024
:040000050800029954
:00000001FF
